,Date,WiFi Zone,Location,Total Revenue
0,2021-02-01,EFBXW-LI-Ram-Madula,Rambuda,30.0
29,2021-02-01,FBXW-LI-Ramb-MKSpazaShopTshibvumo-AP1,Rambuda,34.05
30,2021-02-01,FBXW-LI-Ramb-MukwevhoResidence-AP1,Rambuda,23.33
31,2021-02-01,FBXW-LI-Ramb-NageliHouse-AP1,Rambuda,35.24
32,2021-02-01,FBXW-LI-Ramb-NditsheniFruitShop-AP1,Rambuda,51.9
33,2021-02-01,FBXW-LI-Ramb-PileKonanani-disable-people-co-operative-AP1,Rambuda,36.67
34,2021-02-01,FBXW-LI-Ramb-PileRestaurant-AP1,Rambuda,103.33
35,2021-02-01,FBXW-LI-Ruth-Tuck-Shop-AP1,Tzaneen,30.0
36,2021-02-01,FBXW-LI-Waren-G-AP1,Tzaneen,30.0
37,2021-02-01,FBXW-MONASGENERALSTORE-AP1,Munsieville,58.33
38,2021-02-01,PIXWF-BH-ASIBONGETRADINGBUTCHER-AP1,Bothas Hill,90.24
40,2021-02-01,PIXWF-BH-DLAMINI-RESIDENCE-AP1,Bothas Hill,28.57
28,2021-02-01,FBXW-LI-Ramb-HaKhakhiSpazaShop-AP1,Rambuda,80.71
41,2021-02-01,PIXWF-BH-GRIMATUCKSHOP-AP,Bothas Hill,46.9
43,2021-02-01,PIXWF-BH-MCHUNU-HOUSE-AP1,Bothas Hill,36.9
44,2021-02-01,PIXWF-BH-MSOMI-HOUSE-AP,Bothas Hill,6.9
45,2021-02-01,PIXWF-BH-NGCOBO-HOUSE-AP1,Bothas Hill,51.9
46,2021-02-01,PIXWF-BH-ROADHOUSESPAZA-AP1,Bothas Hill,133.81
47,2021-02-01,PIXWF-BH-TSAKANE-AP1,Bothas Hill,113.81
48,2021-02-01,PIXWF-BH-YENZANATHICDP-AP1,Bothas Hill,53.57
49,2021-02-01,PIXWF-CPT-KAYAMANDI-AP1,Kayamandi,173.1
50,2021-02-01,PIXWF-ICONICHAIRSALON-AP1,Munsieville,60.48
51,2021-02-01,PIXWF-MIDO-INTERNET-CAFE-AP1,Munsieville,28.57
52,2021-02-01,PIXWF-NOBELACENTER-AP1,Munsieville,79.05
53,2021-02-01,PIXWF-SHOP-n-SAVE-AP1,Munsieville,75.0
42,2021-02-01,PIXWF-BH-KINGS-TUCKSHOP-AP1,Bothas Hill,51.9
27,2021-02-01,FBXW-LI-Ramb-Fhatuwani,Rambuda,5.0
39,2021-02-01,PIXWF-BH-CORNERTUCKSHOP-AP1,Bothas Hill,125.95
25,2021-02-01,FBXW-LI-Ramb-ChiefHouse-AP1,Rambuda,33.81
26,2021-02-01,FBXW-LI-Ramb-CouncilOffice-AP1,Rambuda,3.57
2,2021-02-01,EFBXW-LI-Ramb-NetiliResidence-AP1,Rambuda,13.33
3,2021-02-01,EFBXW-LI-Ramb-PileCommunityHall-AP1,Rambuda,16.9
4,2021-02-01,EFBXW-LI-Ramb-SuccessSalon-AP1,Rambuda,28.57
5,2021-02-01,EFBXW-LI-Ramb-TshilandeTuckshop-AP1,Rambuda,21.67
6,2021-02-01,FBXW-KZN-CLERMONT-AP1,Cleremont,5.0
7,2021-02-01,FBXW-KZN-INANDA-AP1,Inanda,26.67
8,2021-02-01,FBXW-KZN-KWADABEKA-AP1,Kwadabeka,35.0
9,2021-02-01,FBXW-KZN-Lamontville-PIXWF,Lamontville,128.33
10,2021-02-01,FBXW-KZN-MARRIANHILL-AP2,Inanda,85.0
11,2021-02-01,FBXW-KZN-OLC-AP1,Mpopheni,3.57
12,2021-02-01,FBXW-KZN-Phoenix-AP1,Pheonix,37.14
1,2021-02-01,EFBXW-LI-Ramb-Nethamba-AP1,Rambuda,16.67
14,2021-02-01,FBXW-LI-CORNER-TUCKSHOP-AP1,Tzaneen,20.0
13,2021-02-01,FBXW-LI-Asvali-Supermarket-AP1,Tzaneen,45.0
23,2021-02-01,FBXW-LI-NTWAMPE-AP,Lebalelo,5.0
22,2021-02-01,FBXW-LI-Masakhana-Spaza-Shop-AP1,Tzaneen,35.0
21,2021-02-01,FBXW-LI-Mariveni-CafeAP1,Tzaneen,50.48
20,2021-02-01,FBXW-LI-MORENA-GENERAL-AP,Lebalelo,46.9
24,2021-02-01,FBXW-LI-Ramb-AaronHouse-AP1,Rambuda,14.05
18,2021-02-01,FBXW-LI-MMUHLANE-AP,Lebalelo,30.0
17,2021-02-01,FBXW-LI-MMABOKO-SHOP-AP,Lebalelo,20.0
16,2021-02-01,FBXW-LI-Hoza-Hoza-Tuckshop-AP1,Tzaneen,55.0
15,2021-02-01,FBXW-LI-DIMPHO-SHOP-AP,Lebalelo,15.0
19,2021-02-01,FBXW-LI-MMUTLANE-CLINIC-AP,Lebalelo,15.0
90,2021-02-02,PIXWF-BH-ASIBONGETRADINGBUTCHER-AP1,Bothas Hill,26.67
82,2021-02-02,FBXW-LI-Ramb-MukwevhoResidence-AP1,Rambuda,13.33
83,2021-02-02,FBXW-LI-Ramb-NageliHouse-AP1,Rambuda,8.33
84,2021-02-02,FBXW-LI-Ramb-NditsheniFruitShop-AP1,Rambuda,11.9
85,2021-02-02,FBXW-LI-Ramb-PileKonanani-disable-people-co-operative-AP1,Rambuda,11.67
86,2021-02-02,FBXW-LI-Ramb-PileRestaurant-AP1,Rambuda,11.67
87,2021-02-02,FBXW-LI-Ruth-Tuck-Shop-AP1,Tzaneen,5.0
81,2021-02-02,FBXW-LI-Ramb-MKSpazaShopTshibvumo-AP1,Rambuda,6.9
88,2021-02-02,FBXW-LI-Waren-G-AP1,Tzaneen,15.0
89,2021-02-02,FBXW-MONASGENERALSTORE-AP1,Munsieville,8.33
91,2021-02-02,PIXWF-BH-CORNERTUCKSHOP-AP1,Bothas Hill,42.62
97,2021-02-02,PIXWF-BH-NGCOBO-HOUSE-AP1,Bothas Hill,16.9
93,2021-02-02,PIXWF-BH-GRIMATUCKSHOP-AP,Bothas Hill,30.48
94,2021-02-02,PIXWF-BH-KINGS-TUCKSHOP-AP1,Bothas Hill,27.14
95,2021-02-02,PIXWF-BH-MCHUNU-HOUSE-AP1,Bothas Hill,11.67
96,2021-02-02,PIXWF-BH-MSOMI-HOUSE-AP,Bothas Hill,6.9
98,2021-02-02,PIXWF-BH-ROADHOUSESPAZA-AP1,Bothas Hill,78.81
99,2021-02-02,PIXWF-BH-TSAKANE-AP1,Bothas Hill,70.24
100,2021-02-02,PIXWF-BH-YENZANATHICDP-AP1,Bothas Hill,15.0
101,2021-02-02,PIXWF-CPT-KAYAMANDI-AP1,Kayamandi,91.19
102,2021-02-02,PIXWF-ICONICHAIRSALON-AP1,Munsieville,11.9
103,2021-02-02,PIXWF-NOBELACENTER-AP1,Munsieville,36.9
80,2021-02-02,FBXW-LI-Ramb-HaKhakhiSpazaShop-AP1,Rambuda,25.24
92,2021-02-02,PIXWF-BH-DLAMINI-RESIDENCE-AP1,Bothas Hill,13.57
79,2021-02-02,FBXW-LI-Ramb-CouncilOffice-AP1,Rambuda,15.24
104,2021-02-02,PIXWF-SHOP-n-SAVE-AP1,Munsieville,20.0
77,2021-02-02,FBXW-LI-Ramb-AaronHouse-AP1,Rambuda,37.86
78,2021-02-02,FBXW-LI-Ramb-ChiefHouse-AP1,Rambuda,20.24
54,2021-02-02,EFBXW-LI-Ram-Madula,Rambuda,15.0
56,2021-02-02,EFBXW-LI-Ramb-NetiliResidence-AP1,Rambuda,8.33
57,2021-02-02,EFBXW-LI-Ramb-PileCommunityHall-AP1,Rambuda,22.14
58,2021-02-02,EFBXW-LI-Ramb-SuccessSalon-AP1,Rambuda,15.24
59,2021-02-02,EFBXW-LI-Ramb-TshilandeTuckshop-AP1,Rambuda,15.0
60,2021-02-02,FBXW-KZN-CLERMONT-AP1,Cleremont,5.0
61,2021-02-02,FBXW-KZN-INANDA-AP1,Inanda,16.67
62,2021-02-02,FBXW-KZN-Lamontville-PIXWF,Lamontville,46.9
63,2021-02-02,FBXW-KZN-MARRIANHILL-AP2,Inanda,25.0
64,2021-02-02,FBXW-KZN-OLC-AP1,Mpopheni,3.57
55,2021-02-02,EFBXW-LI-Ramb-Nethamba-AP1,Rambuda,8.33
66,2021-02-02,FBXW-LI-Asvali-Supermarket-AP1,Tzaneen,5.0
65,2021-02-02,FBXW-KZN-Phoenix-AP1,Pheonix,7.14
76,2021-02-02,FBXW-LI-NTWAMPE-AP,Lebalelo,8.57
74,2021-02-02,FBXW-LI-MORENA-GENERAL-AP,Lebalelo,64.05
73,2021-02-02,FBXW-LI-MMUTLANE-CLINIC-AP,Lebalelo,5.0
72,2021-02-02,FBXW-LI-MMUHLANE-AP,Lebalelo,50.0
75,2021-02-02,FBXW-LI-Mariveni-CafeAP1,Tzaneen,20.48
70,2021-02-02,FBXW-LI-Hoza-Hoza-Tuckshop-AP1,Tzaneen,10.0
69,2021-02-02,FBXW-LI-DIMPHO-SHOP-AP,Lebalelo,18.57
68,2021-02-02,FBXW-LI-CORNER-TUCKSHOP-AP1,Tzaneen,5.0
67,2021-02-02,FBXW-LI-CHEAPCHEAP-SHOP-AP,Lebalelo,6.9
71,2021-02-02,FBXW-LI-MMABOKO-SHOP-AP,Lebalelo,20.0
128,2021-02-03,FBXW-LI-Ramb-NditsheniFruitShop-AP1,Rambuda,8.33
135,2021-02-03,PIXWF-BH-DLAMINI-RESIDENCE-AP1,Bothas Hill,3.57
129,2021-02-03,FBXW-LI-Ramb-PileKonanani-disable-people-co-operative-AP1,Rambuda,25.71
130,2021-02-03,FBXW-LI-Ramb-PileRestaurant-AP1,Rambuda,6.67
131,2021-02-03,FBXW-LI-Waren-G-AP1,Tzaneen,5.0
132,2021-02-03,FBXW-MONASGENERALSTORE-AP1,Munsieville,3.33
133,2021-02-03,PIXWF-BH-ASIBONGETRADINGBUTCHER-AP1,Bothas Hill,17.14
134,2021-02-03,PIXWF-BH-CORNERTUCKSHOP-AP1,Bothas Hill,18.81
136,2021-02-03,PIXWF-BH-GRIMATUCKSHOP-AP,Bothas Hill,16.9
142,2021-02-03,PIXWF-BH-TSAKANE-AP1,Bothas Hill,26.9
138,2021-02-03,PIXWF-BH-MCHUNU-HOUSE-AP1,Bothas Hill,6.9
139,2021-02-03,PIXWF-BH-MSOMI-HOUSE-AP,Bothas Hill,6.9
140,2021-02-03,PIXWF-BH-NGCOBO-HOUSE-AP1,Bothas Hill,6.67
141,2021-02-03,PIXWF-BH-ROADHOUSESPAZA-AP1,Bothas Hill,30.24
143,2021-02-03,PIXWF-BH-YENZANATHICDP-AP1,Bothas Hill,6.67
145,2021-02-03,PIXWF-ICONICHAIRSALON-AP1,Munsieville,6.9
146,2021-02-03,PIXWF-MIDO-INTERNET-CAFE-AP1,Munsieville,3.57
147,2021-02-03,PIXWF-NOBELACENTER-AP1,Munsieville,14.05
127,2021-02-03,FBXW-LI-Ramb-NageliHouse-AP1,Rambuda,3.33
137,2021-02-03,PIXWF-BH-KINGS-TUCKSHOP-AP1,Bothas Hill,17.38
126,2021-02-03,FBXW-LI-Ramb-MuofheSpazaShop-AP11,Rambuda,13.33
144,2021-02-03,PIXWF-CPT-KAYAMANDI-AP1,Kayamandi,59.76
124,2021-02-03,FBXW-LI-Ramb-Matsindisi-AP1,Rambuda,10.0
105,2021-02-03,EFBXW-LI-Ramb-Nethamba-AP1,Rambuda,3.33
106,2021-02-03,EFBXW-LI-Ramb-NetiliResidence-AP1,Rambuda,3.33
107,2021-02-03,EFBXW-LI-Ramb-PileCommunityHall-AP1,Rambuda,7.14
108,2021-02-03,EFBXW-LI-Ramb-SuccessSalon-AP1,Rambuda,16.9
109,2021-02-03,EFBXW-LI-Ramb-TshilandeTuckshop-AP1,Rambuda,3.33
110,2021-02-03,FBXW-KZN-INANDA-AP1,Inanda,6.67
111,2021-02-03,FBXW-KZN-Lamontville-PIXWF,Lamontville,41.9
112,2021-02-03,FBXW-KZN-OLC-AP1,Mpopheni,8.57
113,2021-02-03,FBXW-KZN-Phoenix-AP1,Pheonix,7.14
125,2021-02-03,FBXW-LI-Ramb-MukwevhoResidence-AP1,Rambuda,3.33
115,2021-02-03,FBXW-LI-MMABOKO-SHOP-AP,Lebalelo,5.0
116,2021-02-03,FBXW-LI-MORENA-GENERAL-AP,Lebalelo,7.14
117,2021-02-03,FBXW-LI-Mariveni-CafeAP1,Tzaneen,24.05
118,2021-02-03,FBXW-LI-NTWAMPE-AP,Lebalelo,3.57
119,2021-02-03,FBXW-LI-Ramb-AaronHouse-AP1,Rambuda,35.95
120,2021-02-03,FBXW-LI-Ramb-ChiefHouse-AP1,Rambuda,10.24
121,2021-02-03,FBXW-LI-Ramb-CouncilOffice-AP1,Rambuda,10.0
122,2021-02-03,FBXW-LI-Ramb-HaKhakhiSpazaShop-AP1,Rambuda,10.24
123,2021-02-03,FBXW-LI-Ramb-MKSpazaShopTshibvumo-AP1,Rambuda,10.24
114,2021-02-03,FBXW-LI-Asvali-Supermarket-AP1,Tzaneen,8.33
175,2021-02-04,PIXWF-BH-CORNERTUCKSHOP-AP1,Bothas Hill,42.38
174,2021-02-04,PIXWF-BH-ASIBONGETRADINGBUTCHER-AP1,Bothas Hill,20.71
173,2021-02-04,FBXW-MONASGENERALSTORE-AP1,Munsieville,6.9
169,2021-02-04,FBXW-LI-Ramb-NageliHouse-AP1,Rambuda,6.67
171,2021-02-04,FBXW-LI-Ramb-PileKonanani-disable-people-co-operative-AP1,Rambuda,3.57
170,2021-02-04,FBXW-LI-Ramb-NditsheniFruitShop-AP1,Rambuda,13.33
176,2021-02-04,PIXWF-BH-DLAMINI-RESIDENCE-AP1,Bothas Hill,3.57
172,2021-02-04,FBXW-LI-Ramb-PileRestaurant-AP1,Rambuda,6.67
177,2021-02-04,PIXWF-BH-GRIMATUCKSHOP-AP,Bothas Hill,15.48
182,2021-02-04,PIXWF-BH-ROADHOUSESPAZA-AP1,Bothas Hill,40.24
179,2021-02-04,PIXWF-BH-MCHUNU-HOUSE-AP1,Bothas Hill,13.81
180,2021-02-04,PIXWF-BH-MSOMI-HOUSE-AP,Bothas Hill,6.9
181,2021-02-04,PIXWF-BH-NGCOBO-HOUSE-AP1,Bothas Hill,11.9
183,2021-02-04,PIXWF-BH-TSAKANE-AP1,Bothas Hill,33.81
184,2021-02-04,PIXWF-BH-YENZANATHICDP-AP1,Bothas Hill,3.57
185,2021-02-04,PIXWF-CPT-KAYAMANDI-AP1,Kayamandi,61.19
186,2021-02-04,PIXWF-ICONICHAIRSALON-AP1,Munsieville,3.33
168,2021-02-04,FBXW-LI-Ramb-MuofheSpazaShop-AP11,Rambuda,3.33
178,2021-02-04,PIXWF-BH-KINGS-TUCKSHOP-AP1,Bothas Hill,13.81
187,2021-02-04,PIXWF-NOBELACENTER-AP1,Munsieville,18.33
167,2021-02-04,FBXW-LI-Ramb-MukwevhoResidence-AP1,Rambuda,3.33
165,2021-02-04,FBXW-LI-Ramb-MKSpazaShopTshibvumo-AP1,Rambuda,11.67
166,2021-02-04,FBXW-LI-Ramb-Matsindisi-AP1,Rambuda,10.0
148,2021-02-04,EFBXW-LI-Ramb-Nethamba-AP1,Rambuda,11.9
149,2021-02-04,EFBXW-LI-Ramb-NetiliResidence-AP1,Rambuda,8.33
150,2021-02-04,EFBXW-LI-Ramb-PileCommunityHall-AP1,Rambuda,12.14
151,2021-02-04,EFBXW-LI-Ramb-SuccessSalon-AP1,Rambuda,6.9
153,2021-02-04,FBXW-KZN-INANDA-AP1,Inanda,6.67
154,2021-02-04,FBXW-KZN-Lamontville-PIXWF,Lamontville,41.9
155,2021-02-04,FBXW-KZN-OLC-AP1,Mpopheni,8.57
152,2021-02-04,EFBXW-LI-Ramb-TshilandeTuckshop-AP1,Rambuda,3.33
157,2021-02-04,FBXW-LI-Asvali-Supermarket-AP1,Tzaneen,3.33
158,2021-02-04,FBXW-LI-Hoza-Hoza-Tuckshop-AP1,Tzaneen,3.57
159,2021-02-04,FBXW-LI-Mariveni-CafeAP1,Tzaneen,19.05
160,2021-02-04,FBXW-LI-Ramb-AaronHouse-AP1,Rambuda,42.86
161,2021-02-04,FBXW-LI-Ramb-ChiefHouse-AP1,Rambuda,18.81
162,2021-02-04,FBXW-LI-Ramb-CouncilOffice-AP1,Rambuda,20.24
163,2021-02-04,FBXW-LI-Ramb-HaKhakhiSpazaShop-AP1,Rambuda,13.57
156,2021-02-04,FBXW-KZN-Phoenix-AP1,Pheonix,7.14
164,2021-02-04,FBXW-LI-Ramb-Lavhe-AP1,Rambuda,6.9
218,2021-02-05,PIXWF-BH-CORNERTUCKSHOP-AP1,Bothas Hill,40.95
217,2021-02-05,PIXWF-BH-ASIBONGETRADINGBUTCHER-AP1,Bothas Hill,24.29
216,2021-02-05,FBXW-MONASGENERALSTORE-AP1,Munsieville,6.9
212,2021-02-05,FBXW-LI-Ramb-NageliHouse-AP1,Rambuda,13.33
214,2021-02-05,FBXW-LI-Ramb-PileKonanani-disable-people-co-operative-AP1,Rambuda,6.9
213,2021-02-05,FBXW-LI-Ramb-NditsheniFruitShop-AP1,Rambuda,3.33
219,2021-02-05,PIXWF-BH-DLAMINI-RESIDENCE-AP1,Bothas Hill,11.9
215,2021-02-05,FBXW-LI-Ramb-PileRestaurant-AP1,Rambuda,11.67
220,2021-02-05,PIXWF-BH-GRIMATUCKSHOP-AP,Bothas Hill,20.24
230,2021-02-05,PIXWF-NOBELACENTER-AP1,Munsieville,23.33
222,2021-02-05,PIXWF-BH-MCHUNU-HOUSE-AP1,Bothas Hill,14.05
223,2021-02-05,PIXWF-BH-MSOMI-HOUSE-AP,Bothas Hill,6.9
224,2021-02-05,PIXWF-BH-NGCOBO-HOUSE-AP1,Bothas Hill,11.9
225,2021-02-05,PIXWF-BH-ROADHOUSESPAZA-AP1,Bothas Hill,32.38
226,2021-02-05,PIXWF-BH-TSAKANE-AP1,Bothas Hill,20.24
227,2021-02-05,PIXWF-BH-YENZANATHICDP-AP1,Bothas Hill,3.33
228,2021-02-05,PIXWF-CPT-KAYAMANDI-AP1,Kayamandi,71.19
229,2021-02-05,PIXWF-ICONICHAIRSALON-AP1,Munsieville,3.33
211,2021-02-05,FBXW-LI-Ramb-MuofheSpazaShop-AP11,Rambuda,11.67
221,2021-02-05,PIXWF-BH-KINGS-TUCKSHOP-AP1,Bothas Hill,10.48
210,2021-02-05,FBXW-LI-Ramb-MukwevhoResidence-AP1,Rambuda,3.33
193,2021-02-05,FBXW-KZN-Lamontville-PIXWF,Lamontville,45.48
208,2021-02-05,FBXW-LI-Ramb-MKSpazaShopTshibvumo-AP1,Rambuda,5.0
188,2021-02-05,EFBXW-LI-Ramb-Nethamba-AP1,Rambuda,8.33
189,2021-02-05,EFBXW-LI-Ramb-NetiliResidence-AP1,Rambuda,8.33
190,2021-02-05,EFBXW-LI-Ramb-PileCommunityHall-AP1,Rambuda,20.48
191,2021-02-05,EFBXW-LI-Ramb-SuccessSalon-AP1,Rambuda,10.0
192,2021-02-05,FBXW-KZN-INANDA-AP1,Inanda,6.67
194,2021-02-05,FBXW-KZN-OLC-AP1,Mpopheni,3.57
195,2021-02-05,FBXW-KZN-Phoenix-AP1,Pheonix,7.14
196,2021-02-05,FBXW-LI-Asvali-Supermarket-AP1,Tzaneen,8.57
197,2021-02-05,FBXW-LI-CHEAPCHEAP-SHOP-AP,Lebalelo,3.33
209,2021-02-05,FBXW-LI-Ramb-Matsindisi-AP1,Rambuda,10.0
199,2021-02-05,FBXW-LI-MORENA-GENERAL-AP,Lebalelo,12.14
198,2021-02-05,FBXW-LI-MMABOKO-SHOP-AP,Lebalelo,5.0
206,2021-02-05,FBXW-LI-Ramb-HaKhakhiSpazaShop-AP1,Rambuda,13.57
205,2021-02-05,FBXW-LI-Ramb-CouncilOffice-AP1,Rambuda,8.33
204,2021-02-05,FBXW-LI-Ramb-ChiefHouse-AP1,Rambuda,13.81
207,2021-02-05,FBXW-LI-Ramb-Lavhe-AP1,Rambuda,6.9
202,2021-02-05,FBXW-LI-PROSPERITE-TUCKSHOP-AP,Lebalelo,10.0
201,2021-02-05,FBXW-LI-NTWAMPE-AP,Lebalelo,3.57
200,2021-02-05,FBXW-LI-Mariveni-CafeAP1,Tzaneen,20.48
203,2021-02-05,FBXW-LI-Ramb-AaronHouse-AP1,Rambuda,27.86
263,2021-02-06,PIXWF-BH-DLAMINI-RESIDENCE-AP1,Bothas Hill,8.57
255,2021-02-06,FBXW-LI-Ramb-MuofheSpazaShop-AP11,Rambuda,3.57
256,2021-02-06,FBXW-LI-Ramb-NageliHouse-AP1,Rambuda,6.67
257,2021-02-06,FBXW-LI-Ramb-NditsheniFruitShop-AP1,Rambuda,11.67
258,2021-02-06,FBXW-LI-Ramb-PileRestaurant-AP1,Rambuda,20.0
259,2021-02-06,FBXW-LI-Waren-G-AP1,Tzaneen,6.9
260,2021-02-06,FBXW-MONASGENERALSTORE-AP1,Munsieville,6.9
261,2021-02-06,PIXWF-BH-ASIBONGETRADINGBUTCHER-AP1,Bothas Hill,6.9
262,2021-02-06,PIXWF-BH-CORNERTUCKSHOP-AP1,Bothas Hill,21.9
264,2021-02-06,PIXWF-BH-GRIMATUCKSHOP-AP,Bothas Hill,20.48
274,2021-02-06,PIXWF-NOBELACENTER-AP1,Munsieville,18.33
266,2021-02-06,PIXWF-BH-MCHUNU-HOUSE-AP1,Bothas Hill,6.9
267,2021-02-06,PIXWF-BH-MSOMI-HOUSE-AP,Bothas Hill,6.9
268,2021-02-06,PIXWF-BH-NGCOBO-HOUSE-AP1,Bothas Hill,11.9
269,2021-02-06,PIXWF-BH-ROADHOUSESPAZA-AP1,Bothas Hill,26.9
270,2021-02-06,PIXWF-BH-TSAKANE-AP1,Bothas Hill,20.0
271,2021-02-06,PIXWF-BH-YENZANATHICDP-AP1,Bothas Hill,8.57
272,2021-02-06,PIXWF-CPT-KAYAMANDI-AP1,Kayamandi,49.05
273,2021-02-06,PIXWF-ICONICHAIRSALON-AP1,Munsieville,3.33
254,2021-02-06,FBXW-LI-Ramb-MukwevhoResidence-AP1,Rambuda,3.33
265,2021-02-06,PIXWF-BH-KINGS-TUCKSHOP-AP1,Bothas Hill,6.9
253,2021-02-06,FBXW-LI-Ramb-Matsindisi-AP1,Rambuda,10.0
250,2021-02-06,FBXW-LI-Ramb-HaKhakhiSpazaShop-AP1,Rambuda,20.24
251,2021-02-06,FBXW-LI-Ramb-Lavhe-AP1,Rambuda,6.9
231,2021-02-06,EFBXW-LI-Ramb-Nethamba-AP1,Rambuda,3.33
232,2021-02-06,EFBXW-LI-Ramb-NetiliResidence-AP1,Rambuda,3.33
252,2021-02-06,FBXW-LI-Ramb-MKSpazaShopTshibvumo-AP1,Rambuda,8.57
234,2021-02-06,EFBXW-LI-Ramb-SuccessSalon-AP1,Rambuda,6.67
235,2021-02-06,EFBXW-LI-Ramb-TshilandeTuckshop-AP1,Rambuda,3.33
236,2021-02-06,FBXW-KZN-INANDA-AP1,Inanda,6.67
237,2021-02-06,FBXW-KZN-Lamontville-PIXWF,Lamontville,18.57
238,2021-02-06,FBXW-KZN-OLC-AP1,Mpopheni,17.14
239,2021-02-06,FBXW-KZN-Phoenix-AP1,Pheonix,12.14
240,2021-02-06,FBXW-LI-Asvali-Supermarket-AP1,Tzaneen,5.0
233,2021-02-06,EFBXW-LI-Ramb-PileCommunityHall-AP1,Rambuda,21.9
242,2021-02-06,FBXW-LI-MMABOKO-SHOP-AP,Lebalelo,5.0
243,2021-02-06,FBXW-LI-MORENA-GENERAL-AP,Lebalelo,13.57
244,2021-02-06,FBXW-LI-Mariveni-CafeAP1,Tzaneen,11.9
245,2021-02-06,FBXW-LI-NTWAMPE-AP,Lebalelo,3.57
246,2021-02-06,FBXW-LI-PROSPERITE-TUCKSHOP-AP,Lebalelo,5.0
247,2021-02-06,FBXW-LI-Ramb-AaronHouse-AP1,Rambuda,13.81
248,2021-02-06,FBXW-LI-Ramb-ChiefHouse-AP1,Rambuda,22.38
249,2021-02-06,FBXW-LI-Ramb-CouncilOffice-AP1,Rambuda,6.67
241,2021-02-06,FBXW-LI-CHEAPCHEAP-SHOP-AP,Lebalelo,3.33
294,2021-02-07,FBXW-LI-Ramb-PileRestaurant-AP1,Rambuda,6.67
295,2021-02-07,FBXW-MONASGENERALSTORE-AP1,Munsieville,6.9
296,2021-02-07,PIXWF-BH-ASIBONGETRADINGBUTCHER-AP1,Bothas Hill,25.95
297,2021-02-07,PIXWF-BH-CORNERTUCKSHOP-AP1,Bothas Hill,10.0
309,2021-02-07,PIXWF-NOBELACENTER-AP1,Munsieville,8.33
299,2021-02-07,PIXWF-BH-GRIMATUCKSHOP-AP,Bothas Hill,10.48
300,2021-02-07,PIXWF-BH-KINGS-TUCKSHOP-AP1,Bothas Hill,15.24
305,2021-02-07,PIXWF-BH-TSAKANE-AP1,Bothas Hill,41.9
302,2021-02-07,PIXWF-BH-MSOMI-HOUSE-AP,Bothas Hill,6.9
303,2021-02-07,PIXWF-BH-NGCOBO-HOUSE-AP1,Bothas Hill,6.9
304,2021-02-07,PIXWF-BH-ROADHOUSESPAZA-AP1,Bothas Hill,41.9
306,2021-02-07,PIXWF-BH-YENZANATHICDP-AP1,Bothas Hill,3.57
307,2021-02-07,PIXWF-CPT-KAYAMANDI-AP1,Kayamandi,89.05
308,2021-02-07,PIXWF-ICONICHAIRSALON-AP1,Munsieville,3.33
293,2021-02-07,FBXW-LI-Ramb-PileKonanani-disable-people-co-operative-AP1,Rambuda,8.33
301,2021-02-07,PIXWF-BH-MCHUNU-HOUSE-AP1,Bothas Hill,10.24
292,2021-02-07,FBXW-LI-Ramb-NditsheniFruitShop-AP1,Rambuda,13.33
298,2021-02-07,PIXWF-BH-DLAMINI-RESIDENCE-AP1,Bothas Hill,3.57
290,2021-02-07,FBXW-LI-Ramb-Matsindisi-AP1,Rambuda,8.57
291,2021-02-07,FBXW-LI-Ramb-NageliHouse-AP1,Rambuda,6.67
275,2021-02-07,EFBXW-LI-Ramb-Nethamba-AP1,Rambuda,11.67
276,2021-02-07,EFBXW-LI-Ramb-NetiliResidence-AP1,Rambuda,3.33
278,2021-02-07,EFBXW-LI-Ramb-TshilandeTuckshop-AP1,Rambuda,3.33
279,2021-02-07,FBXW-KZN-INANDA-AP1,Inanda,3.33
280,2021-02-07,FBXW-KZN-Lamontville-PIXWF,Lamontville,23.57
281,2021-02-07,FBXW-KZN-OLC-AP1,Mpopheni,3.57
277,2021-02-07,EFBXW-LI-Ramb-PileCommunityHall-AP1,Rambuda,13.33
283,2021-02-07,FBXW-LI-MORENA-GENERAL-AP,Lebalelo,3.33
284,2021-02-07,FBXW-LI-Mariveni-CafeAP1,Tzaneen,20.48
285,2021-02-07,FBXW-LI-Ramb-ChiefHouse-AP1,Rambuda,29.52
286,2021-02-07,FBXW-LI-Ramb-CouncilOffice-AP1,Rambuda,6.67
287,2021-02-07,FBXW-LI-Ramb-HaKhakhiSpazaShop-AP1,Rambuda,11.67
288,2021-02-07,FBXW-LI-Ramb-Lavhe-AP1,Rambuda,6.9
282,2021-02-07,FBXW-KZN-Phoenix-AP1,Pheonix,12.14
289,2021-02-07,FBXW-LI-Ramb-MKSpazaShopTshibvumo-AP1,Rambuda,3.57
343,2021-02-08,PIXWF-BH-DLAMINI-RESIDENCE-AP1,Bothas Hill,0.0
342,2021-02-08,PIXWF-BH-CORNERTUCKSHOP-AP1,Bothas Hill,31.9
341,2021-02-08,PIXWF-BH-ASIBONGETRADINGBUTCHER-AP1,Bothas Hill,17.14
340,2021-02-08,FBXW-MONASGENERALSTORE-AP1,Munsieville,6.9
336,2021-02-08,FBXW-LI-Ramb-NditsheniFruitShop-AP1,Rambuda,13.33
337,2021-02-08,FBXW-LI-Ramb-PileRestaurant-AP1,Rambuda,18.57
335,2021-02-08,FBXW-LI-Ramb-NageliHouse-AP1,Rambuda,13.57
344,2021-02-08,PIXWF-BH-GRIMATUCKSHOP-AP,Bothas Hill,11.9
338,2021-02-08,FBXW-LI-Ruth-Tuck-Shop-AP1,Tzaneen,0.0
345,2021-02-08,PIXWF-BH-KINGS-TUCKSHOP-AP1,Bothas Hill,13.81
353,2021-02-08,PIXWF-ICONICHAIRSALON-AP1,Munsieville,3.33
347,2021-02-08,PIXWF-BH-MSOMI-HOUSE-AP,Bothas Hill,6.9
348,2021-02-08,PIXWF-BH-NGCOBO-HOUSE-AP1,Bothas Hill,3.33
349,2021-02-08,PIXWF-BH-ROADHOUSESPAZA-AP1,Bothas Hill,35.24
350,2021-02-08,PIXWF-BH-TSAKANE-AP1,Bothas Hill,18.33
351,2021-02-08,PIXWF-BH-YENZANATHICDP-AP1,Bothas Hill,0.0
352,2021-02-08,PIXWF-CPT-KAYAMANDI-AP1,Kayamandi,72.62
334,2021-02-08,FBXW-LI-Ramb-MuofheSpazaShop-AP11,Rambuda,6.9
354,2021-02-08,PIXWF-MIDO-INTERNET-CAFE-AP1,Munsieville,0.0
355,2021-02-08,PIXWF-NOBELACENTER-AP1,Munsieville,18.33
356,2021-02-08,PIXWF-SHOP-n-SAVE-AP1,Munsieville,5.0
346,2021-02-08,PIXWF-BH-MCHUNU-HOUSE-AP1,Bothas Hill,6.9
333,2021-02-08,FBXW-LI-Ramb-MukwevhoResidence-AP1,Rambuda,3.33
339,2021-02-08,FBXW-LI-Waren-G-AP1,Tzaneen,0.0
331,2021-02-08,FBXW-LI-Ramb-MKSpazaShopTshibvumo-AP1,Rambuda,18.57
332,2021-02-08,FBXW-LI-Ramb-Matsindisi-AP1,Rambuda,8.57
310,2021-02-08,EFBXW-LI-Ramb-Nethamba-AP1,Rambuda,11.67
311,2021-02-08,EFBXW-LI-Ramb-NetiliResidence-AP1,Rambuda,8.33
312,2021-02-08,EFBXW-LI-Ramb-PileCommunityHall-AP1,Rambuda,3.33
314,2021-02-08,FBXW-KZN-CLERMONT-AP1,Cleremont,0.0
315,2021-02-08,FBXW-KZN-INANDA-AP1,Inanda,6.67
316,2021-02-08,FBXW-KZN-KWADABEKA-AP1,Kwadabeka,0.0
317,2021-02-08,FBXW-KZN-Lamontville-PIXWF,Lamontville,31.9
318,2021-02-08,FBXW-KZN-MARRIANHILL-AP2,Inanda,0.0
319,2021-02-08,FBXW-KZN-OLC-AP1,Mpopheni,3.57
313,2021-02-08,EFBXW-LI-Ramb-SuccessSalon-AP1,Rambuda,21.67
321,2021-02-08,FBXW-LI-Asvali-Supermarket-AP1,Tzaneen,0.0
330,2021-02-08,FBXW-LI-Ramb-Lavhe-AP1,Rambuda,6.9
320,2021-02-08,FBXW-KZN-Phoenix-AP1,Pheonix,7.14
329,2021-02-08,FBXW-LI-Ramb-HaKhakhiSpazaShop-AP1,Rambuda,15.24
327,2021-02-08,FBXW-LI-Ramb-CouncilOffice-AP1,Rambuda,20.48
328,2021-02-08,FBXW-LI-Ramb-Fhatuwani,Rambuda,0.0
325,2021-02-08,FBXW-LI-Ramb-AaronHouse-AP1,Rambuda,20.71
324,2021-02-08,FBXW-LI-Mariveni-CafeAP1,Tzaneen,17.62
323,2021-02-08,FBXW-LI-Hoza-Hoza-Tuckshop-AP1,Tzaneen,0.0
322,2021-02-08,FBXW-LI-CORNER-TUCKSHOP-AP1,Tzaneen,0.0
326,2021-02-08,FBXW-LI-Ramb-ChiefHouse-AP1,Rambuda,20.95
401,2021-02-09,FBXW-MONASGENERALSTORE-AP1,Munsieville,10.48
397,2021-02-09,FBXW-LI-Ruth-Tuck-Shop-AP1,Tzaneen,0.0
400,2021-02-09,FBXW-LI-YOUNG-AND-MENTHOL-AP,Lebalelo,13.33
399,2021-02-09,FBXW-LI-Waren-G-AP1,Tzaneen,3.57
398,2021-02-09,FBXW-LI-SEKOBELA-TUCKSHOP-AP,Lebalelo,3.33
396,2021-02-09,FBXW-LI-Ramb-PileRestaurant-AP1,Rambuda,17.38
392,2021-02-09,FBXW-LI-Ramb-MukwevhoResidence-AP1,Rambuda,3.33
394,2021-02-09,FBXW-LI-Ramb-NageliHouse-AP1,Rambuda,6.67
393,2021-02-09,FBXW-LI-Ramb-MuofheSpazaShop-AP11,Rambuda,10.48
391,2021-02-09,FBXW-LI-Ramb-Matsindisi-AP1,Rambuda,16.9
390,2021-02-09,FBXW-LI-Ramb-MKSpazaShopTshibvumo-AP1,Rambuda,21.9
402,2021-02-09,PIXWF-BH-ASIBONGETRADINGBUTCHER-AP1,Bothas Hill,6.9
395,2021-02-09,FBXW-LI-Ramb-NditsheniFruitShop-AP1,Rambuda,3.33
403,2021-02-09,PIXWF-BH-CORNERTUCKSHOP-AP1,Bothas Hill,25.24
414,2021-02-09,PIXWF-ICONICHAIRSALON-AP1,Munsieville,10.48
405,2021-02-09,PIXWF-BH-GRIMATUCKSHOP-AP,Bothas Hill,3.57
406,2021-02-09,PIXWF-BH-KINGS-TUCKSHOP-AP1,Bothas Hill,7.14
407,2021-02-09,PIXWF-BH-MCHUNU-HOUSE-AP1,Bothas Hill,6.9
408,2021-02-09,PIXWF-BH-MSOMI-HOUSE-AP,Bothas Hill,6.9
409,2021-02-09,PIXWF-BH-NGCOBO-HOUSE-AP1,Bothas Hill,10.24
410,2021-02-09,PIXWF-BH-ROADHOUSESPAZA-AP1,Bothas Hill,30.24
411,2021-02-09,PIXWF-BH-TSAKANE-AP1,Bothas Hill,18.33
412,2021-02-09,PIXWF-BH-YENZANATHICDP-AP1,Bothas Hill,3.33
413,2021-02-09,PIXWF-CPT-KAYAMANDI-AP1,Kayamandi,66.19
415,2021-02-09,PIXWF-MIDO-INTERNET-CAFE-AP1,Munsieville,6.9
416,2021-02-09,PIXWF-NOBELACENTER-AP1,Munsieville,13.33
417,2021-02-09,PIXWF-SHOP-n-SAVE-AP1,Munsieville,0.0
389,2021-02-09,FBXW-LI-Ramb-Lavhe-AP1,Rambuda,10.24
404,2021-02-09,PIXWF-BH-DLAMINI-RESIDENCE-AP1,Bothas Hill,6.9
388,2021-02-09,FBXW-LI-Ramb-HaKhakhiSpazaShop-AP1,Rambuda,17.14
376,2021-02-09,FBXW-LI-MALOKELA-INTERNET-CAFE-AP,Lebalelo,13.33
386,2021-02-09,FBXW-LI-Ramb-CouncilOffice-AP1,Rambuda,27.14
357,2021-02-09,EFBXW-LI-Ram-Madula,Rambuda,5.0
358,2021-02-09,EFBXW-LI-Ramb-Nethamba-AP1,Rambuda,10.48
360,2021-02-09,EFBXW-LI-Ramb-PileCommunityHall-AP1,Rambuda,13.33
361,2021-02-09,EFBXW-LI-Ramb-SuccessSalon-AP1,Rambuda,16.9
362,2021-02-09,FBXW-KZN-CLERMONT-AP1,Cleremont,15.0
363,2021-02-09,FBXW-KZN-INANDA-AP1,Inanda,3.33
364,2021-02-09,FBXW-KZN-KWADABEKA-AP1,Kwadabeka,0.0
365,2021-02-09,FBXW-KZN-Lamontville-PIXWF,Lamontville,33.33
366,2021-02-09,FBXW-KZN-MARRIANHILL-AP2,Inanda,0.0
367,2021-02-09,FBXW-KZN-OLC-AP1,Mpopheni,8.57
368,2021-02-09,FBXW-KZN-Phoenix-AP1,Pheonix,7.14
369,2021-02-09,FBXW-LI-Asvali-Supermarket-AP1,Tzaneen,8.33
370,2021-02-09,FBXW-LI-CHEAPCHEAP-SHOP-AP,Lebalelo,3.33
371,2021-02-09,FBXW-LI-CORNER-TUCKSHOP-AP1,Tzaneen,0.0
359,2021-02-09,EFBXW-LI-Ramb-NetiliResidence-AP1,Rambuda,8.33
373,2021-02-09,FBXW-LI-DIMPHO-SHOP-AP,Lebalelo,15.0
372,2021-02-09,FBXW-LI-COUNCILLOR-SEERANE-RESIDENCE-AP,Lebalelo,3.33
385,2021-02-09,FBXW-LI-Ramb-ChiefHouse-AP1,Rambuda,29.52
383,2021-02-09,FBXW-LI-PROSPERITE-TUCKSHOP-AP,Lebalelo,8.57
382,2021-02-09,FBXW-LI-NTWAMPE-AP,Lebalelo,0.0
381,2021-02-09,FBXW-LI-NGWANAMATLALA-BUSINESSPARK-AP,Lebalelo,0.0
380,2021-02-09,FBXW-LI-Mariveni-CafeAP1,Tzaneen,25.71
384,2021-02-09,FBXW-LI-Ramb-AaronHouse-AP1,Rambuda,36.43
378,2021-02-09,FBXW-LI-MMUTLANE-CLINIC-AP,Lebalelo,5.0
377,2021-02-09,FBXW-LI-MMUHLANE-AP,Lebalelo,3.33
387,2021-02-09,FBXW-LI-Ramb-Fhatuwani,Rambuda,0.0
375,2021-02-09,FBXW-LI-LESEDI-SCHOOL-AP,Lebalelo,0.0
374,2021-02-09,FBXW-LI-Hoza-Hoza-Tuckshop-AP1,Tzaneen,0.0
379,2021-02-09,FBXW-LI-MORENA-GENERAL-AP,Lebalelo,3.33
453,2021-02-10,FBXW-MONASGENERALSTORE-AP1,Munsieville,6.9
452,2021-02-10,FBXW-LI-YOUNG-AND-MENTHOL-AP,Lebalelo,18.33
451,2021-02-10,FBXW-LI-SEKOBELA-TUCKSHOP-AP,Lebalelo,11.67
450,2021-02-10,FBXW-LI-Ramb-PileRestaurant-AP1,Rambuda,6.67
448,2021-02-10,FBXW-LI-Ramb-NditsheniFruitShop-AP1,Rambuda,10.0
447,2021-02-10,FBXW-LI-Ramb-NageliHouse-AP1,Rambuda,11.67
446,2021-02-10,FBXW-LI-Ramb-MuofheSpazaShop-AP11,Rambuda,20.24
454,2021-02-10,PIXWF-BH-ASIBONGETRADINGBUTCHER-AP1,Bothas Hill,14.05
445,2021-02-10,FBXW-LI-Ramb-MukwevhoResidence-AP1,Rambuda,3.33
449,2021-02-10,FBXW-LI-Ramb-PileKonanani-disable-people-co-operative-AP1,Rambuda,6.67
455,2021-02-10,PIXWF-BH-CORNERTUCKSHOP-AP1,Bothas Hill,27.14
462,2021-02-10,PIXWF-BH-ROADHOUSESPAZA-AP1,Bothas Hill,25.24
457,2021-02-10,PIXWF-BH-GRIMATUCKSHOP-AP,Bothas Hill,3.57
458,2021-02-10,PIXWF-BH-KINGS-TUCKSHOP-AP1,Bothas Hill,6.9
459,2021-02-10,PIXWF-BH-MCHUNU-HOUSE-AP1,Bothas Hill,10.24
460,2021-02-10,PIXWF-BH-MSOMI-HOUSE-AP,Bothas Hill,6.9
461,2021-02-10,PIXWF-BH-NGCOBO-HOUSE-AP1,Bothas Hill,6.67
463,2021-02-10,PIXWF-BH-TSAKANE-AP1,Bothas Hill,21.9
464,2021-02-10,PIXWF-CPT-KAYAMANDI-AP1,Kayamandi,66.43
465,2021-02-10,PIXWF-ICONICHAIRSALON-AP1,Munsieville,13.81
466,2021-02-10,PIXWF-MIDO-INTERNET-CAFE-AP1,Munsieville,6.9
467,2021-02-10,PIXWF-NOBELACENTER-AP1,Munsieville,6.9
444,2021-02-10,FBXW-LI-Ramb-Matsindisi-AP1,Rambuda,11.9
456,2021-02-10,PIXWF-BH-DLAMINI-RESIDENCE-AP1,Bothas Hill,15.24
443,2021-02-10,FBXW-LI-Ramb-MKSpazaShopTshibvumo-AP1,Rambuda,10.24
440,2021-02-10,FBXW-LI-Ramb-CouncilOffice-AP1,Rambuda,40.48
441,2021-02-10,FBXW-LI-Ramb-HaKhakhiSpazaShop-AP1,Rambuda,30.48
442,2021-02-10,FBXW-LI-Ramb-Lavhe-AP1,Rambuda,3.57
418,2021-02-10,EFBXW-LI-Ram-Madula,Rambuda,5.0
419,2021-02-10,EFBXW-LI-Ramb-Nethamba-AP1,Rambuda,8.33
420,2021-02-10,EFBXW-LI-Ramb-NetiliResidence-AP1,Rambuda,8.33
421,2021-02-10,EFBXW-LI-Ramb-PileCommunityHall-AP1,Rambuda,8.33
422,2021-02-10,EFBXW-LI-Ramb-SuccessSalon-AP1,Rambuda,33.57
423,2021-02-10,FBXW-KZN-CLERMONT-AP1,Cleremont,5.0
425,2021-02-10,FBXW-KZN-Lamontville-PIXWF,Lamontville,41.9
426,2021-02-10,FBXW-KZN-OLC-AP1,Mpopheni,17.14
427,2021-02-10,FBXW-KZN-Phoenix-AP1,Pheonix,7.14
428,2021-02-10,FBXW-LI-Asvali-Supermarket-AP1,Tzaneen,3.57
424,2021-02-10,FBXW-KZN-INANDA-AP1,Inanda,3.33
430,2021-02-10,FBXW-LI-COUNCILLOR-SEERANE-RESIDENCE-AP,Lebalelo,3.33
429,2021-02-10,FBXW-LI-CHEAPCHEAP-SHOP-AP,Lebalelo,3.33
438,2021-02-10,FBXW-LI-Ramb-AaronHouse-AP1,Rambuda,37.86
437,2021-02-10,FBXW-LI-PROSPERITE-TUCKSHOP-AP,Lebalelo,11.9
436,2021-02-10,FBXW-LI-Mariveni-CafeAP1,Tzaneen,30.71
435,2021-02-10,FBXW-LI-MORENA-GENERAL-AP,Lebalelo,18.33
439,2021-02-10,FBXW-LI-Ramb-ChiefHouse-AP1,Rambuda,30.95
433,2021-02-10,FBXW-LI-LESEDI-SCHOOL-AP,Lebalelo,5.0
432,2021-02-10,FBXW-LI-Hoza-Hoza-Tuckshop-AP1,Tzaneen,5.0
431,2021-02-10,FBXW-LI-DIMPHO-SHOP-AP,Lebalelo,15.0
434,2021-02-10,FBXW-LI-MALOKELA-INTERNET-CAFE-AP,Lebalelo,13.33
505,2021-02-11,FBXW-MONASGENERALSTORE-AP1,Munsieville,3.33
496,2021-02-11,FBXW-LI-Ramb-MukwevhoResidence-AP1,Rambuda,3.33
497,2021-02-11,FBXW-LI-Ramb-MuofheSpazaShop-AP11,Rambuda,25.48
498,2021-02-11,FBXW-LI-Ramb-NageliHouse-AP1,Rambuda,23.57
499,2021-02-11,FBXW-LI-Ramb-NditsheniFruitShop-AP1,Rambuda,23.57
500,2021-02-11,FBXW-LI-Ramb-PileKonanani-disable-people-co-operative-AP1,Rambuda,8.33
501,2021-02-11,FBXW-LI-Ramb-PileRestaurant-AP1,Rambuda,6.67
502,2021-02-11,FBXW-LI-SEKOBELA-TUCKSHOP-AP,Lebalelo,15.0
503,2021-02-11,FBXW-LI-Waren-G-AP1,Tzaneen,3.57
504,2021-02-11,FBXW-LI-YOUNG-AND-MENTHOL-AP,Lebalelo,16.67
506,2021-02-11,PIXWF-BH-ASIBONGETRADINGBUTCHER-AP1,Bothas Hill,13.81
518,2021-02-11,PIXWF-NOBELACENTER-AP1,Munsieville,15.24
508,2021-02-11,PIXWF-BH-DLAMINI-RESIDENCE-AP1,Bothas Hill,8.57
509,2021-02-11,PIXWF-BH-KINGS-TUCKSHOP-AP1,Bothas Hill,6.9
510,2021-02-11,PIXWF-BH-MCHUNU-HOUSE-AP1,Bothas Hill,13.81
511,2021-02-11,PIXWF-BH-MSOMI-HOUSE-AP,Bothas Hill,10.48
512,2021-02-11,PIXWF-BH-NGCOBO-HOUSE-AP1,Bothas Hill,11.9
513,2021-02-11,PIXWF-BH-ROADHOUSESPAZA-AP1,Bothas Hill,20.48
514,2021-02-11,PIXWF-BH-TSAKANE-AP1,Bothas Hill,16.9
515,2021-02-11,PIXWF-CPT-KAYAMANDI-AP1,Kayamandi,78.1
516,2021-02-11,PIXWF-ICONICHAIRSALON-AP1,Munsieville,14.05
517,2021-02-11,PIXWF-MIDO-INTERNET-CAFE-AP1,Munsieville,6.9
495,2021-02-11,FBXW-LI-Ramb-Matsindisi-AP1,Rambuda,6.9
507,2021-02-11,PIXWF-BH-CORNERTUCKSHOP-AP1,Bothas Hill,22.38
494,2021-02-11,FBXW-LI-Ramb-MKSpazaShopTshibvumo-AP1,Rambuda,20.24
490,2021-02-11,FBXW-LI-Ramb-ChiefHouse-AP1,Rambuda,17.38
492,2021-02-11,FBXW-LI-Ramb-HaKhakhiSpazaShop-AP1,Rambuda,32.14
469,2021-02-11,EFBXW-LI-Ramb-NetiliResidence-AP1,Rambuda,13.33
470,2021-02-11,EFBXW-LI-Ramb-PileCommunityHall-AP1,Rambuda,6.67
471,2021-02-11,EFBXW-LI-Ramb-SuccessSalon-AP1,Rambuda,55.24
472,2021-02-11,FBXW-KZN-CLERMONT-AP1,Cleremont,20.0
473,2021-02-11,FBXW-KZN-INANDA-AP1,Inanda,3.33
474,2021-02-11,FBXW-KZN-Lamontville-PIXWF,Lamontville,73.33
475,2021-02-11,FBXW-KZN-OLC-AP1,Mpopheni,10.48
476,2021-02-11,FBXW-KZN-Phoenix-AP1,Pheonix,7.14
477,2021-02-11,FBXW-LI-Asvali-Supermarket-AP1,Tzaneen,8.57
478,2021-02-11,FBXW-LI-Asvali-Supermarket-AP2,Tzaneen,3.57
479,2021-02-11,FBXW-LI-CHEAPCHEAP-SHOP-AP,Lebalelo,13.33
468,2021-02-11,EFBXW-LI-Ramb-Nethamba-AP1,Rambuda,8.33
481,2021-02-11,FBXW-LI-DIMPHO-SHOP-AP,Lebalelo,13.33
480,2021-02-11,FBXW-LI-COUNCILLOR-SEERANE-RESIDENCE-AP,Lebalelo,6.9
491,2021-02-11,FBXW-LI-Ramb-CouncilOffice-AP1,Rambuda,30.0
489,2021-02-11,FBXW-LI-Ramb-AaronHouse-AP1,Rambuda,29.29
488,2021-02-11,FBXW-LI-PROSPERITE-TUCKSHOP-AP,Lebalelo,11.9
487,2021-02-11,FBXW-LI-NTWAMPE-AP,Lebalelo,3.57
493,2021-02-11,FBXW-LI-Ramb-Lavhe-AP1,Rambuda,17.14
485,2021-02-11,FBXW-LI-Mariveni-CafeAP1,Tzaneen,24.29
484,2021-02-11,FBXW-LI-MORENA-GENERAL-AP,Lebalelo,23.33
483,2021-02-11,FBXW-LI-MALOKELA-INTERNET-CAFE-AP,Lebalelo,16.67
482,2021-02-11,FBXW-LI-LESEDI-SCHOOL-AP,Lebalelo,8.57
486,2021-02-11,FBXW-LI-NGWANAMATLALA-BUSINESSPARK-AP,Lebalelo,3.57
545,2021-02-12,FBXW-LI-Ramb-NageliHouse-AP1,Rambuda,15.24
546,2021-02-12,FBXW-LI-Ramb-NditsheniFruitShop-AP1,Rambuda,8.57
547,2021-02-12,FBXW-LI-Ramb-PileKonanani-disable-people-co-operative-AP1,Rambuda,6.67
548,2021-02-12,FBXW-LI-Ramb-PileRestaurant-AP1,Rambuda,10.24
549,2021-02-12,FBXW-LI-SEKOBELA-TUCKSHOP-AP,Lebalelo,13.57
550,2021-02-12,FBXW-LI-Waren-G-AP1,Tzaneen,3.57
551,2021-02-12,FBXW-LI-Waren-G-AP2,Tzaneen,3.57
552,2021-02-12,FBXW-LI-YOUNG-AND-MENTHOL-AP,Lebalelo,16.67
553,2021-02-12,FBXW-MONASGENERALSTORE-AP1,Munsieville,6.9
554,2021-02-12,PIXWF-BH-ASIBONGETRADINGBUTCHER-AP1,Bothas Hill,3.33
555,2021-02-12,PIXWF-BH-CORNERTUCKSHOP-AP1,Bothas Hill,29.52
558,2021-02-12,PIXWF-BH-LEFTCORNERSHOPCDP-AP1,Bothas Hill,10.24
557,2021-02-12,PIXWF-BH-KINGS-TUCKSHOP-AP1,Bothas Hill,8.33
559,2021-02-12,PIXWF-BH-MCHUNU-HOUSE-AP1,Bothas Hill,6.67
560,2021-02-12,PIXWF-BH-MSOMI-HOUSE-AP,Bothas Hill,6.9
562,2021-02-12,PIXWF-BH-ROADHOUSESPAZA-AP1,Bothas Hill,24.05
563,2021-02-12,PIXWF-BH-TSAKANE-AP1,Bothas Hill,20.48
564,2021-02-12,PIXWF-BH-YENZANATHICDP-AP1,Bothas Hill,11.9
565,2021-02-12,PIXWF-CPT-KAYAMANDI-AP1,Kayamandi,72.86
566,2021-02-12,PIXWF-ICONICHAIRSALON-AP1,Munsieville,19.05
567,2021-02-12,PIXWF-MIDO-INTERNET-CAFE-AP1,Munsieville,11.9
544,2021-02-12,FBXW-LI-Ramb-MuofheSpazaShop-AP11,Rambuda,22.14
568,2021-02-12,PIXWF-NOBELACENTER-AP1,Munsieville,26.9
556,2021-02-12,PIXWF-BH-DLAMINI-RESIDENCE-AP1,Bothas Hill,11.9
561,2021-02-12,PIXWF-BH-NGCOBO-HOUSE-AP1,Bothas Hill,21.9
543,2021-02-12,FBXW-LI-Ramb-MukwevhoResidence-AP1,Rambuda,3.33
541,2021-02-12,FBXW-LI-Ramb-MKSpazaShopTshibvumo-AP1,Rambuda,26.9
542,2021-02-12,FBXW-LI-Ramb-Matsindisi-AP1,Rambuda,6.9
519,2021-02-12,EFBXW-LI-Ramb-Nethamba-AP1,Rambuda,6.9
520,2021-02-12,EFBXW-LI-Ramb-NetiliResidence-AP1,Rambuda,8.33
521,2021-02-12,EFBXW-LI-Ramb-PileCommunityHall-AP1,Rambuda,6.67
522,2021-02-12,EFBXW-LI-Ramb-SuccessSalon-AP1,Rambuda,61.67
523,2021-02-12,FBXW-KZN-CLERMONT-AP1,Cleremont,38.57
525,2021-02-12,FBXW-KZN-Lamontville-PIXWF,Lamontville,63.33
526,2021-02-12,FBXW-KZN-OLC-AP1,Mpopheni,3.57
527,2021-02-12,FBXW-KZN-Phoenix-AP1,Pheonix,7.14
528,2021-02-12,FBXW-LI-CHEAPCHEAP-SHOP-AP,Lebalelo,8.33
529,2021-02-12,FBXW-LI-COUNCILLOR-SEERANE-RESIDENCE-AP,Lebalelo,3.33
524,2021-02-12,FBXW-KZN-INANDA-AP1,Inanda,3.33
531,2021-02-12,FBXW-LI-MALOKELA-INTERNET-CAFE-AP,Lebalelo,16.67
530,2021-02-12,FBXW-LI-DIMPHO-SHOP-AP,Lebalelo,10.0
539,2021-02-12,FBXW-LI-Ramb-HaKhakhiSpazaShop-AP1,Rambuda,28.57
538,2021-02-12,FBXW-LI-Ramb-CouncilOffice-AP1,Rambuda,37.38
537,2021-02-12,FBXW-LI-Ramb-ChiefHouse-AP1,Rambuda,20.95
536,2021-02-12,FBXW-LI-Ramb-AaronHouse-AP1,Rambuda,14.05
540,2021-02-12,FBXW-LI-Ramb-Lavhe-AP1,Rambuda,3.33
534,2021-02-12,FBXW-LI-Mariveni-CafeAP1,Tzaneen,34.29
533,2021-02-12,FBXW-LI-MORENA-GENERAL-AP,Lebalelo,5.0
532,2021-02-12,FBXW-LI-MMUTLANE-CLINIC-AP,Lebalelo,5.0
535,2021-02-12,FBXW-LI-PROSPERITE-TUCKSHOP-AP,Lebalelo,16.9
604,2021-02-13,PIXWF-BH-DLAMINI-RESIDENCE-AP1,Bothas Hill,3.57
595,2021-02-13,FBXW-LI-Ramb-MuofheSpazaShop-AP11,Rambuda,10.24
596,2021-02-13,FBXW-LI-Ramb-NageliHouse-AP1,Rambuda,15.0
597,2021-02-13,FBXW-LI-Ramb-NditsheniFruitShop-AP1,Rambuda,3.57
598,2021-02-13,FBXW-LI-Ramb-PileRestaurant-AP1,Rambuda,10.0
599,2021-02-13,FBXW-LI-SEKOBELA-TUCKSHOP-AP,Lebalelo,10.24
600,2021-02-13,FBXW-LI-Waren-G-AP1,Tzaneen,5.0
601,2021-02-13,FBXW-MONASGENERALSTORE-AP1,Munsieville,3.33
602,2021-02-13,PIXWF-BH-ASIBONGETRADINGBUTCHER-AP1,Bothas Hill,17.14
603,2021-02-13,PIXWF-BH-CORNERTUCKSHOP-AP1,Bothas Hill,25.95
605,2021-02-13,PIXWF-BH-GRIMATUCKSHOP-AP,Bothas Hill,3.33
594,2021-02-13,FBXW-LI-Ramb-MukwevhoResidence-AP1,Rambuda,3.33
607,2021-02-13,PIXWF-BH-LEFTCORNERSHOPCDP-AP1,Bothas Hill,8.33
608,2021-02-13,PIXWF-BH-MCHUNU-HOUSE-AP1,Bothas Hill,10.0
609,2021-02-13,PIXWF-BH-MSOMI-HOUSE-AP,Bothas Hill,6.9
610,2021-02-13,PIXWF-BH-NGCOBO-HOUSE-AP1,Bothas Hill,11.9
611,2021-02-13,PIXWF-BH-ROADHOUSESPAZA-AP1,Bothas Hill,22.14
612,2021-02-13,PIXWF-BH-TSAKANE-AP1,Bothas Hill,12.14
613,2021-02-13,PIXWF-CPT-KAYAMANDI-AP1,Kayamandi,71.19
614,2021-02-13,PIXWF-ICONICHAIRSALON-AP1,Munsieville,15.48
616,2021-02-13,PIXWF-NOBELACENTER-AP1,Munsieville,31.67
615,2021-02-13,PIXWF-MIDO-INTERNET-CAFE-AP1,Munsieville,3.33
606,2021-02-13,PIXWF-BH-KINGS-TUCKSHOP-AP1,Bothas Hill,18.57
593,2021-02-13,FBXW-LI-Ramb-Matsindisi-AP1,Rambuda,6.9
570,2021-02-13,EFBXW-LI-Ramb-NetiliResidence-AP1,Rambuda,8.33
591,2021-02-13,FBXW-LI-Ramb-Lavhe-AP1,Rambuda,3.33
592,2021-02-13,FBXW-LI-Ramb-MKSpazaShopTshibvumo-AP1,Rambuda,15.24
569,2021-02-13,EFBXW-LI-Ramb-Nethamba-AP1,Rambuda,8.33
571,2021-02-13,EFBXW-LI-Ramb-PileCommunityHall-AP1,Rambuda,6.67
572,2021-02-13,EFBXW-LI-Ramb-SuccessSalon-AP1,Rambuda,33.33
573,2021-02-13,FBXW-KZN-CLERMONT-AP1,Cleremont,28.57
574,2021-02-13,FBXW-KZN-INANDA-AP1,Inanda,3.33
576,2021-02-13,FBXW-KZN-OLC-AP1,Mpopheni,8.57
577,2021-02-13,FBXW-KZN-Phoenix-AP1,Pheonix,7.14
578,2021-02-13,FBXW-LI-Asvali-Supermarket-AP1,Tzaneen,5.0
579,2021-02-13,FBXW-LI-CHEAPCHEAP-SHOP-AP,Lebalelo,21.9
575,2021-02-13,FBXW-KZN-Lamontville-PIXWF,Lamontville,55.0
581,2021-02-13,FBXW-LI-DIMPHO-SHOP-AP,Lebalelo,6.67
580,2021-02-13,FBXW-LI-COUNCILLOR-SEERANE-RESIDENCE-AP,Lebalelo,3.33
589,2021-02-13,FBXW-LI-Ramb-ChiefHouse-AP1,Rambuda,24.52
588,2021-02-13,FBXW-LI-Ramb-AaronHouse-AP1,Rambuda,24.52
587,2021-02-13,FBXW-LI-PROSPERITE-TUCKSHOP-AP,Lebalelo,6.9
586,2021-02-13,FBXW-LI-NGWANAMATLALA-BUSINESSPARK-AP,Lebalelo,3.57
590,2021-02-13,FBXW-LI-Ramb-HaKhakhiSpazaShop-AP1,Rambuda,22.14
584,2021-02-13,FBXW-LI-MORENA-GENERAL-AP,Lebalelo,13.57
583,2021-02-13,FBXW-LI-MMABOKO-SHOP-AP,Lebalelo,30.0
582,2021-02-13,FBXW-LI-MALOKELA-INTERNET-CAFE-AP,Lebalelo,8.33
585,2021-02-13,FBXW-LI-Mariveni-CafeAP1,Tzaneen,39.29
654,2021-02-14,PIXWF-BH-CORNERTUCKSHOP-AP1,Bothas Hill,25.95
644,2021-02-14,FBXW-LI-Ramb-Matsindisi-AP1,Rambuda,16.9
646,2021-02-14,FBXW-LI-Ramb-MuofheSpazaShop-AP11,Rambuda,32.14
647,2021-02-14,FBXW-LI-Ramb-NageliHouse-AP1,Rambuda,23.57
648,2021-02-14,FBXW-LI-Ramb-NditsheniFruitShop-AP1,Rambuda,3.57
649,2021-02-14,FBXW-LI-Ramb-PileKonanani-disable-people-co-operative-AP1,Rambuda,10.0
650,2021-02-14,FBXW-LI-Ramb-PileRestaurant-AP1,Rambuda,6.67
651,2021-02-14,FBXW-LI-SEKOBELA-TUCKSHOP-AP,Lebalelo,6.67
652,2021-02-14,FBXW-MONASGENERALSTORE-AP1,Munsieville,3.33
653,2021-02-14,PIXWF-BH-ASIBONGETRADINGBUTCHER-AP1,Bothas Hill,3.57
655,2021-02-14,PIXWF-BH-DLAMINI-RESIDENCE-AP1,Bothas Hill,3.57
666,2021-02-14,PIXWF-NOBELACENTER-AP1,Munsieville,20.48
657,2021-02-14,PIXWF-BH-KINGS-TUCKSHOP-AP1,Bothas Hill,6.9
658,2021-02-14,PIXWF-BH-LEFTCORNERSHOPCDP-AP1,Bothas Hill,6.9
659,2021-02-14,PIXWF-BH-MSOMI-HOUSE-AP,Bothas Hill,6.9
660,2021-02-14,PIXWF-BH-NGCOBO-HOUSE-AP1,Bothas Hill,6.9
661,2021-02-14,PIXWF-BH-ROADHOUSESPAZA-AP1,Bothas Hill,21.9
662,2021-02-14,PIXWF-BH-TSAKANE-AP1,Bothas Hill,22.14
663,2021-02-14,PIXWF-CPT-KAYAMANDI-AP1,Kayamandi,58.81
664,2021-02-14,PIXWF-ICONICHAIRSALON-AP1,Munsieville,15.48
665,2021-02-14,PIXWF-MIDO-INTERNET-CAFE-AP1,Munsieville,10.48
643,2021-02-14,FBXW-LI-Ramb-MKSpazaShopTshibvumo-AP1,Rambuda,6.67
656,2021-02-14,PIXWF-BH-GRIMATUCKSHOP-AP,Bothas Hill,6.9
642,2021-02-14,FBXW-LI-Ramb-Lavhe-AP1,Rambuda,3.33
645,2021-02-14,FBXW-LI-Ramb-MukwevhoResidence-AP1,Rambuda,3.33
640,2021-02-14,FBXW-LI-Ramb-CouncilOffice-AP1,Rambuda,8.33
641,2021-02-14,FBXW-LI-Ramb-HaKhakhiSpazaShop-AP1,Rambuda,26.9
617,2021-02-14,EFBXW-LI-Ram-Madula,Rambuda,10.0
618,2021-02-14,EFBXW-LI-Ramb-Nethamba-AP1,Rambuda,13.33
619,2021-02-14,EFBXW-LI-Ramb-NetiliResidence-AP1,Rambuda,8.33
620,2021-02-14,EFBXW-LI-Ramb-PileCommunityHall-AP1,Rambuda,6.67
621,2021-02-14,EFBXW-LI-Ramb-SuccessSalon-AP1,Rambuda,36.67
623,2021-02-14,FBXW-KZN-INANDA-AP1,Inanda,3.33
624,2021-02-14,FBXW-KZN-Lamontville-PIXWF,Lamontville,45.0
625,2021-02-14,FBXW-KZN-Phoenix-AP1,Pheonix,3.57
626,2021-02-14,FBXW-LI-Asvali-Supermarket-AP1,Tzaneen,5.0
627,2021-02-14,FBXW-LI-CHEAPCHEAP-SHOP-AP,Lebalelo,13.33
628,2021-02-14,FBXW-LI-COUNCILLOR-SEERANE-RESIDENCE-AP,Lebalelo,3.33
622,2021-02-14,FBXW-KZN-CLERMONT-AP1,Cleremont,23.57
630,2021-02-14,FBXW-LI-MALOKELA-INTERNET-CAFE-AP,Lebalelo,16.67
639,2021-02-14,FBXW-LI-Ramb-ChiefHouse-AP1,Rambuda,36.67
629,2021-02-14,FBXW-LI-DIMPHO-SHOP-AP,Lebalelo,8.33
638,2021-02-14,FBXW-LI-Ramb-AaronHouse-AP1,Rambuda,45.0
636,2021-02-14,FBXW-LI-NTWAMPE-AP,Lebalelo,3.57
635,2021-02-14,FBXW-LI-NGWANAMATLALA-BUSINESSPARK-AP,Lebalelo,3.57
637,2021-02-14,FBXW-LI-PROSPERITE-TUCKSHOP-AP,Lebalelo,8.57
634,2021-02-14,FBXW-LI-Mariveni-CafeAP1,Tzaneen,29.29
633,2021-02-14,FBXW-LI-MORENA-GENERAL-AP,Lebalelo,18.57
632,2021-02-14,FBXW-LI-MMUTLANE-CLINIC-AP,Lebalelo,3.33
631,2021-02-14,FBXW-LI-MMABOKO-SHOP-AP,Lebalelo,13.57
708,2021-02-15,FBXW-LI-SEKOBELA-TUCKSHOP-AP,Lebalelo,10.24
711,2021-02-15,FBXW-LI-Waren-G-AP2,Tzaneen,0.0
710,2021-02-15,FBXW-LI-Waren-G-AP1,Tzaneen,0.0
709,2021-02-15,FBXW-LI-Twenty-Ten-Centre-Shop-AP2,Tzaneen,0.0
712,2021-02-15,FBXW-MONASGENERALSTORE-AP1,Munsieville,3.33
707,2021-02-15,FBXW-LI-Ruth-Tuck-Shop-AP1,Tzaneen,0.0
703,2021-02-15,FBXW-LI-Ramb-MuofheSpazaShop-AP11,Rambuda,18.33
705,2021-02-15,FBXW-LI-Ramb-NditsheniFruitShop-AP1,Rambuda,3.57
704,2021-02-15,FBXW-LI-Ramb-NageliHouse-AP1,Rambuda,11.67
702,2021-02-15,FBXW-LI-Ramb-MukwevhoResidence-AP1,Rambuda,3.33
701,2021-02-15,FBXW-LI-Ramb-Matsindisi-AP1,Rambuda,13.33
713,2021-02-15,PIXWF-BH-ASIBONGETRADINGBUTCHER-AP1,Bothas Hill,13.57
706,2021-02-15,FBXW-LI-Ramb-PileRestaurant-AP1,Rambuda,6.67
714,2021-02-15,PIXWF-BH-CORNERTUCKSHOP-AP1,Bothas Hill,20.95
726,2021-02-15,PIXWF-ICONICHAIRSALON-AP1,Munsieville,14.05
716,2021-02-15,PIXWF-BH-GRIMATUCKSHOP-AP,Bothas Hill,6.9
717,2021-02-15,PIXWF-BH-KINGS-TUCKSHOP-AP1,Bothas Hill,10.24
718,2021-02-15,PIXWF-BH-LEFTCORNERSHOPCDP-AP1,Bothas Hill,10.48
719,2021-02-15,PIXWF-BH-MCHUNU-HOUSE-AP1,Bothas Hill,6.67
720,2021-02-15,PIXWF-BH-MSOMI-HOUSE-AP,Bothas Hill,6.9
721,2021-02-15,PIXWF-BH-NGCOBO-HOUSE-AP1,Bothas Hill,6.9
722,2021-02-15,PIXWF-BH-ROADHOUSESPAZA-AP1,Bothas Hill,32.62
729,2021-02-15,PIXWF-SHOP-n-SAVE-AP1,Munsieville,0.0
723,2021-02-15,PIXWF-BH-TSAKANE-AP1,Bothas Hill,19.29
724,2021-02-15,PIXWF-BH-YENZANATHICDP-AP1,Bothas Hill,0.0
725,2021-02-15,PIXWF-CPT-KAYAMANDI-AP1,Kayamandi,29.05
727,2021-02-15,PIXWF-MIDO-INTERNET-CAFE-AP1,Munsieville,6.9
728,2021-02-15,PIXWF-NOBELACENTER-AP1,Munsieville,3.33
700,2021-02-15,FBXW-LI-Ramb-MKSpazaShopTshibvumo-AP1,Rambuda,6.67
715,2021-02-15,PIXWF-BH-DLAMINI-RESIDENCE-AP1,Bothas Hill,3.57
699,2021-02-15,FBXW-LI-Ramb-Lavhe-AP1,Rambuda,10.48
673,2021-02-15,FBXW-KZN-INANDA-AP1,Inanda,3.33
697,2021-02-15,FBXW-LI-Ramb-Fhatuwani,Rambuda,0.0
667,2021-02-15,EFBXW-LI-Ram-Madula,Rambuda,10.0
668,2021-02-15,EFBXW-LI-Ramb-Nethamba-AP1,Rambuda,3.33
698,2021-02-15,FBXW-LI-Ramb-HaKhakhiSpazaShop-AP1,Rambuda,10.24
670,2021-02-15,EFBXW-LI-Ramb-PileCommunityHall-AP1,Rambuda,6.67
671,2021-02-15,EFBXW-LI-Ramb-SuccessSalon-AP1,Rambuda,13.33
672,2021-02-15,FBXW-KZN-CLERMONT-AP1,Cleremont,8.57
674,2021-02-15,FBXW-KZN-KWADABEKA-AP1,Kwadabeka,0.0
675,2021-02-15,FBXW-KZN-Lamontville-PIXWF,Lamontville,8.33
676,2021-02-15,FBXW-KZN-MARRIANHILL-AP2,Inanda,0.0
677,2021-02-15,FBXW-KZN-Phoenix-AP1,Pheonix,3.57
678,2021-02-15,FBXW-LI-Asvali-Supermarket-AP1,Tzaneen,3.57
679,2021-02-15,FBXW-LI-Asvali-Supermarket-AP2,Tzaneen,3.57
680,2021-02-15,FBXW-LI-CHEAPCHEAP-SHOP-AP,Lebalelo,6.9
681,2021-02-15,FBXW-LI-CORNER-TUCKSHOP-AP1,Tzaneen,0.0
669,2021-02-15,EFBXW-LI-Ramb-NetiliResidence-AP1,Rambuda,3.33
683,2021-02-15,FBXW-LI-DIMPHO-SHOP-AP,Lebalelo,3.33
682,2021-02-15,FBXW-LI-COUNCILLOR-SEERANE-RESIDENCE-AP,Lebalelo,3.33
696,2021-02-15,FBXW-LI-Ramb-CouncilOffice-AP1,Rambuda,10.48
694,2021-02-15,FBXW-LI-Ramb-AaronHouse-AP1,Rambuda,17.38
693,2021-02-15,FBXW-LI-PROSPERITE-TUCKSHOP-AP,Lebalelo,11.9
692,2021-02-15,FBXW-LI-NTWAMPE-AP,Lebalelo,0.0
691,2021-02-15,FBXW-LI-NGWANAMATLALA-BUSINESSPARK-AP,Lebalelo,3.57
695,2021-02-15,FBXW-LI-Ramb-ChiefHouse-AP1,Rambuda,28.1
689,2021-02-15,FBXW-LI-MORENA-GENERAL-AP,Lebalelo,17.14
688,2021-02-15,FBXW-LI-MMUTLANE-CLINIC-AP,Lebalelo,6.9
687,2021-02-15,FBXW-LI-MMABOKO-SHOP-AP,Lebalelo,3.57
686,2021-02-15,FBXW-LI-MALOKELA-INTERNET-CAFE-AP,Lebalelo,11.9
685,2021-02-15,FBXW-LI-LESEDI-SCHOOL-AP,Lebalelo,0.0
690,2021-02-15,FBXW-LI-Mariveni-CafeAP1,Tzaneen,19.29
684,2021-02-15,FBXW-LI-Hoza-Hoza-Tuckshop-AP1,Tzaneen,0.0
765,2021-02-16,FBXW-MONASGENERALSTORE-AP1,Munsieville,3.33
764,2021-02-16,FBXW-LI-SEKOBELA-TUCKSHOP-AP,Lebalelo,10.24
763,2021-02-16,FBXW-LI-Ramb-PileRestaurant-AP1,Rambuda,3.57
762,2021-02-16,FBXW-LI-Ramb-NditsheniFruitShop-AP1,Rambuda,18.57
759,2021-02-16,FBXW-LI-Ramb-MukwevhoResidence-AP1,Rambuda,3.33
760,2021-02-16,FBXW-LI-Ramb-MuofheSpazaShop-AP11,Rambuda,20.48
758,2021-02-16,FBXW-LI-Ramb-Matsindisi-AP1,Rambuda,13.33
757,2021-02-16,FBXW-LI-Ramb-MKSpazaShopTshibvumo-AP1,Rambuda,11.67
766,2021-02-16,PIXWF-BH-CORNERTUCKSHOP-AP1,Bothas Hill,49.52
761,2021-02-16,FBXW-LI-Ramb-NageliHouse-AP1,Rambuda,6.67
767,2021-02-16,PIXWF-BH-DLAMINI-RESIDENCE-AP1,Bothas Hill,3.57
774,2021-02-16,PIXWF-BH-YENZANATHICDP-AP1,Bothas Hill,0.0
769,2021-02-16,PIXWF-BH-LEFTCORNERSHOPCDP-AP1,Bothas Hill,3.57
770,2021-02-16,PIXWF-BH-MSOMI-HOUSE-AP,Bothas Hill,6.9
771,2021-02-16,PIXWF-BH-NGCOBO-HOUSE-AP1,Bothas Hill,11.9
772,2021-02-16,PIXWF-BH-ROADHOUSESPAZA-AP1,Bothas Hill,39.05
773,2021-02-16,PIXWF-BH-TSAKANE-AP1,Bothas Hill,15.0
775,2021-02-16,PIXWF-CPT-KAYAMANDI-AP1,Kayamandi,47.62
776,2021-02-16,PIXWF-ICONICHAIRSALON-AP1,Munsieville,10.48
777,2021-02-16,PIXWF-MIDO-INTERNET-CAFE-AP1,Munsieville,6.9
778,2021-02-16,PIXWF-NOBELACENTER-AP1,Munsieville,8.33
756,2021-02-16,FBXW-LI-Ramb-Lavhe-AP1,Rambuda,6.9
768,2021-02-16,PIXWF-BH-KINGS-TUCKSHOP-AP1,Bothas Hill,3.33
755,2021-02-16,FBXW-LI-Ramb-HaKhakhiSpazaShop-AP1,Rambuda,17.38
750,2021-02-16,FBXW-LI-NGWANAMATLALA-BUSINESSPARK-AP,Lebalelo,5.0
753,2021-02-16,FBXW-LI-Ramb-ChiefHouse-AP1,Rambuda,20.95
730,2021-02-16,EFBXW-LI-Ram-Madula,Rambuda,0.0
731,2021-02-16,EFBXW-LI-Ramb-Nethamba-AP1,Rambuda,11.9
732,2021-02-16,EFBXW-LI-Ramb-NetiliResidence-AP1,Rambuda,3.33
733,2021-02-16,EFBXW-LI-Ramb-PileCommunityHall-AP1,Rambuda,6.67
734,2021-02-16,EFBXW-LI-Ramb-SuccessSalon-AP1,Rambuda,11.9
735,2021-02-16,FBXW-KZN-CLERMONT-AP1,Cleremont,23.57
737,2021-02-16,FBXW-KZN-KWADABEKA-AP1,Kwadabeka,0.0
738,2021-02-16,FBXW-KZN-Lamontville-PIXWF,Lamontville,43.57
739,2021-02-16,FBXW-KZN-MARRIANHILL-AP2,Inanda,0.0
740,2021-02-16,FBXW-KZN-Phoenix-AP1,Pheonix,3.57
741,2021-02-16,FBXW-LI-Asvali-Supermarket-AP1,Tzaneen,0.0
736,2021-02-16,FBXW-KZN-INANDA-AP1,Inanda,3.33
743,2021-02-16,FBXW-LI-COUNCILLOR-SEERANE-RESIDENCE-AP,Lebalelo,3.33
742,2021-02-16,FBXW-LI-CHEAPCHEAP-SHOP-AP,Lebalelo,3.33
751,2021-02-16,FBXW-LI-PROSPERITE-TUCKSHOP-AP,Lebalelo,17.14
754,2021-02-16,FBXW-LI-Ramb-CouncilOffice-AP1,Rambuda,22.38
749,2021-02-16,FBXW-LI-Mariveni-CafeAP1,Tzaneen,25.71
748,2021-02-16,FBXW-LI-MORENA-GENERAL-AP,Lebalelo,3.57
752,2021-02-16,FBXW-LI-Ramb-AaronHouse-AP1,Rambuda,29.52
746,2021-02-16,FBXW-LI-MMABOKO-SHOP-AP,Lebalelo,36.9
745,2021-02-16,FBXW-LI-MALOKELA-INTERNET-CAFE-AP,Lebalelo,19.05
744,2021-02-16,FBXW-LI-DIMPHO-SHOP-AP,Lebalelo,6.9
747,2021-02-16,FBXW-LI-MMUTLANE-CLINIC-AP,Lebalelo,8.33
815,2021-02-17,PIXWF-BH-CORNERTUCKSHOP-AP1,Bothas Hill,54.52
806,2021-02-17,FBXW-LI-Ramb-NageliHouse-AP1,Rambuda,22.14
807,2021-02-17,FBXW-LI-Ramb-NditsheniFruitShop-AP1,Rambuda,13.57
808,2021-02-17,FBXW-LI-Ramb-PileKonanani-disable-people-co-operative-AP1,Rambuda,11.67
809,2021-02-17,FBXW-LI-Ramb-PileRestaurant-AP1,Rambuda,6.67
810,2021-02-17,FBXW-LI-SEKOBELA-TUCKSHOP-AP,Lebalelo,10.0
811,2021-02-17,FBXW-LI-Twenty-Ten-Centre-Shop-AP2,Tzaneen,3.57
812,2021-02-17,FBXW-LI-YOUNG-AND-MENTHOL-AP,Lebalelo,14.05
813,2021-02-17,FBXW-MONASGENERALSTORE-AP1,Munsieville,3.33
814,2021-02-17,PIXWF-BH-ASIBONGETRADINGBUTCHER-AP1,Bothas Hill,11.67
816,2021-02-17,PIXWF-BH-DLAMINI-RESIDENCE-AP1,Bothas Hill,6.67
828,2021-02-17,PIXWF-NOBELACENTER-AP1,Munsieville,21.9
818,2021-02-17,PIXWF-BH-KINGS-TUCKSHOP-AP1,Bothas Hill,3.33
819,2021-02-17,PIXWF-BH-LEFTCORNERSHOPCDP-AP1,Bothas Hill,10.24
820,2021-02-17,PIXWF-BH-MCHUNU-HOUSE-AP1,Bothas Hill,6.67
821,2021-02-17,PIXWF-BH-MSOMI-HOUSE-AP,Bothas Hill,6.9
822,2021-02-17,PIXWF-BH-NGCOBO-HOUSE-AP1,Bothas Hill,11.9
823,2021-02-17,PIXWF-BH-ROADHOUSESPAZA-AP1,Bothas Hill,65.48
824,2021-02-17,PIXWF-BH-TSAKANE-AP1,Bothas Hill,65.48
825,2021-02-17,PIXWF-CPT-KAYAMANDI-AP1,Kayamandi,57.86
826,2021-02-17,PIXWF-ICONICHAIRSALON-AP1,Munsieville,13.81
827,2021-02-17,PIXWF-MIDO-INTERNET-CAFE-AP1,Munsieville,3.33
805,2021-02-17,FBXW-LI-Ramb-MuofheSpazaShop-AP11,Rambuda,6.67
817,2021-02-17,PIXWF-BH-GRIMATUCKSHOP-AP,Bothas Hill,6.9
804,2021-02-17,FBXW-LI-Ramb-Matsindisi-AP1,Rambuda,18.33
803,2021-02-17,FBXW-LI-Ramb-MKSpazaShopTshibvumo-AP1,Rambuda,15.0
802,2021-02-17,FBXW-LI-Ramb-Lavhe-AP1,Rambuda,6.9
780,2021-02-17,EFBXW-LI-Ramb-Nethamba-AP1,Rambuda,11.67
781,2021-02-17,EFBXW-LI-Ramb-NetiliResidence-AP1,Rambuda,11.9
782,2021-02-17,EFBXW-LI-Ramb-PileCommunityHall-AP1,Rambuda,11.67
783,2021-02-17,EFBXW-LI-Ramb-SuccessSalon-AP1,Rambuda,25.24
784,2021-02-17,FBXW-KZN-CLERMONT-AP1,Cleremont,13.57
785,2021-02-17,FBXW-KZN-INANDA-AP1,Inanda,3.33
786,2021-02-17,FBXW-KZN-Lamontville-PIXWF,Lamontville,48.33
787,2021-02-17,FBXW-KZN-Phoenix-AP1,Pheonix,3.57
788,2021-02-17,FBXW-LI-CHEAPCHEAP-SHOP-AP,Lebalelo,6.9
789,2021-02-17,FBXW-LI-COUNCILLOR-SEERANE-RESIDENCE-AP,Lebalelo,3.33
790,2021-02-17,FBXW-LI-DIMPHO-SHOP-AP,Lebalelo,6.9
779,2021-02-17,EFBXW-LI-Ram-Madula,Rambuda,15.0
792,2021-02-17,FBXW-LI-MALOKELA-INTERNET-CAFE-AP,Lebalelo,19.05
793,2021-02-17,FBXW-LI-MMABOKO-SHOP-AP,Lebalelo,36.9
794,2021-02-17,FBXW-LI-MMUTLANE-CLINIC-AP,Lebalelo,3.33
795,2021-02-17,FBXW-LI-MORENA-GENERAL-AP,Lebalelo,12.14
796,2021-02-17,FBXW-LI-Mariveni-CafeAP1,Tzaneen,34.05
797,2021-02-17,FBXW-LI-PROSPERITE-TUCKSHOP-AP,Lebalelo,20.48
798,2021-02-17,FBXW-LI-Ramb-AaronHouse-AP1,Rambuda,24.29
799,2021-02-17,FBXW-LI-Ramb-ChiefHouse-AP1,Rambuda,13.81
800,2021-02-17,FBXW-LI-Ramb-CouncilOffice-AP1,Rambuda,27.38
801,2021-02-17,FBXW-LI-Ramb-HaKhakhiSpazaShop-AP1,Rambuda,17.14
791,2021-02-17,FBXW-LI-Hoza-Hoza-Tuckshop-AP1,Tzaneen,12.14
865,2021-02-18,FBXW-MONASGENERALSTORE-AP1,Munsieville,28.33
864,2021-02-18,FBXW-LI-YOUNG-AND-MENTHOL-AP,Lebalelo,12.14
863,2021-02-18,FBXW-LI-Waren-G-AP2,Tzaneen,5.0
862,2021-02-18,FBXW-LI-Waren-G-AP1,Tzaneen,5.0
857,2021-02-18,FBXW-LI-Ramb-MukwevhoResidence-AP1,Rambuda,18.33
860,2021-02-18,FBXW-LI-SEKOBELA-TUCKSHOP-AP,Lebalelo,13.57
859,2021-02-18,FBXW-LI-Ramb-NditsheniFruitShop-AP1,Rambuda,11.9
858,2021-02-18,FBXW-LI-Ramb-NageliHouse-AP1,Rambuda,15.24
866,2021-02-18,PIXWF-BH-ASIBONGETRADINGBUTCHER-AP1,Bothas Hill,11.67
861,2021-02-18,FBXW-LI-Twenty-Ten-Centre-Shop-AP2,Tzaneen,3.57
867,2021-02-18,PIXWF-BH-CORNERTUCKSHOP-AP1,Bothas Hill,39.52
872,2021-02-18,PIXWF-BH-NGCOBO-HOUSE-AP1,Bothas Hill,6.9
869,2021-02-18,PIXWF-BH-GRIMATUCKSHOP-AP,Bothas Hill,6.9
870,2021-02-18,PIXWF-BH-LEFTCORNERSHOPCDP-AP1,Bothas Hill,3.57
871,2021-02-18,PIXWF-BH-MSOMI-HOUSE-AP,Bothas Hill,6.9
873,2021-02-18,PIXWF-BH-ROADHOUSESPAZA-AP1,Bothas Hill,45.24
874,2021-02-18,PIXWF-BH-TSAKANE-AP1,Bothas Hill,46.9
875,2021-02-18,PIXWF-CPT-KAYAMANDI-AP1,Kayamandi,54.29
876,2021-02-18,PIXWF-ICONICHAIRSALON-AP1,Munsieville,10.24
877,2021-02-18,PIXWF-MIDO-INTERNET-CAFE-AP1,Munsieville,14.05
878,2021-02-18,PIXWF-NOBELACENTER-AP1,Munsieville,25.48
855,2021-02-18,FBXW-LI-Ramb-MKSpazaShopTshibvumo-AP1,Rambuda,20.0
868,2021-02-18,PIXWF-BH-DLAMINI-RESIDENCE-AP1,Bothas Hill,3.33
854,2021-02-18,FBXW-LI-Ramb-Lavhe-AP1,Rambuda,6.9
856,2021-02-18,FBXW-LI-Ramb-Matsindisi-AP1,Rambuda,13.33
852,2021-02-18,FBXW-LI-Ramb-CouncilOffice-AP1,Rambuda,19.05
853,2021-02-18,FBXW-LI-Ramb-HaKhakhiSpazaShop-AP1,Rambuda,17.38
830,2021-02-18,EFBXW-LI-Ramb-Nethamba-AP1,Rambuda,3.33
831,2021-02-18,EFBXW-LI-Ramb-NetiliResidence-AP1,Rambuda,6.9
832,2021-02-18,EFBXW-LI-Ramb-PileCommunityHall-AP1,Rambuda,11.67
833,2021-02-18,EFBXW-LI-Ramb-SuccessSalon-AP1,Rambuda,41.67
834,2021-02-18,FBXW-KZN-CLERMONT-AP1,Cleremont,8.57
835,2021-02-18,FBXW-KZN-INANDA-AP1,Inanda,3.33
836,2021-02-18,FBXW-KZN-Lamontville-PIXWF,Lamontville,50.0
837,2021-02-18,FBXW-KZN-Phoenix-AP1,Pheonix,3.57
838,2021-02-18,FBXW-LI-Asvali-Supermarket-AP1,Tzaneen,6.9
839,2021-02-18,FBXW-LI-CHEAPCHEAP-SHOP-AP,Lebalelo,8.33
840,2021-02-18,FBXW-LI-COUNCILLOR-SEERANE-RESIDENCE-AP,Lebalelo,3.33
829,2021-02-18,EFBXW-LI-Ram-Madula,Rambuda,10.0
842,2021-02-18,FBXW-LI-Hoza-Hoza-Tuckshop-AP1,Tzaneen,25.48
841,2021-02-18,FBXW-LI-DIMPHO-SHOP-AP,Lebalelo,3.57
850,2021-02-18,FBXW-LI-Ramb-AaronHouse-AP1,Rambuda,44.29
849,2021-02-18,FBXW-LI-PROSPERITE-TUCKSHOP-AP,Lebalelo,15.48
848,2021-02-18,FBXW-LI-Masakhana-Spaza-Shop-AP1,Tzaneen,6.67
851,2021-02-18,FBXW-LI-Ramb-ChiefHouse-AP1,Rambuda,27.38
846,2021-02-18,FBXW-LI-MORENA-GENERAL-AP,Lebalelo,13.57
845,2021-02-18,FBXW-LI-MMUTLANE-CLINIC-AP,Lebalelo,3.33
844,2021-02-18,FBXW-LI-MMABOKO-SHOP-AP,Lebalelo,26.9
843,2021-02-18,FBXW-LI-MALOKELA-INTERNET-CAFE-AP,Lebalelo,15.48
847,2021-02-18,FBXW-LI-Mariveni-CafeAP1,Tzaneen,56.9
906,2021-02-19,FBXW-LI-Ramb-Matsindisi-AP1,Rambuda,13.33
915,2021-02-19,FBXW-MONASGENERALSTORE-AP1,Munsieville,40.48
907,2021-02-19,FBXW-LI-Ramb-MukwevhoResidence-AP1,Rambuda,23.33
908,2021-02-19,FBXW-LI-Ramb-MuofheSpazaShop-AP11,Rambuda,52.38
909,2021-02-19,FBXW-LI-Ramb-NageliHouse-AP1,Rambuda,23.81
910,2021-02-19,FBXW-LI-Ramb-NditsheniFruitShop-AP1,Rambuda,8.33
911,2021-02-19,FBXW-LI-Ramb-PileKonanani-disable-people-co-operative-AP1,Rambuda,13.81
912,2021-02-19,FBXW-LI-SEKOBELA-TUCKSHOP-AP,Lebalelo,10.0
913,2021-02-19,FBXW-LI-Twenty-Ten-Centre-Shop-AP2,Tzaneen,3.57
914,2021-02-19,FBXW-LI-YOUNG-AND-MENTHOL-AP,Lebalelo,20.48
916,2021-02-19,PIXWF-BH-ASIBONGETRADINGBUTCHER-AP1,Bothas Hill,13.33
922,2021-02-19,PIXWF-BH-MSOMI-HOUSE-AP,Bothas Hill,11.9
918,2021-02-19,PIXWF-BH-DLAMINI-RESIDENCE-AP1,Bothas Hill,3.33
919,2021-02-19,PIXWF-BH-GRIMATUCKSHOP-AP,Bothas Hill,6.9
920,2021-02-19,PIXWF-BH-KINGS-TUCKSHOP-AP1,Bothas Hill,5.0
921,2021-02-19,PIXWF-BH-MCHUNU-HOUSE-AP1,Bothas Hill,10.0
923,2021-02-19,PIXWF-BH-NGCOBO-HOUSE-AP1,Bothas Hill,6.9
924,2021-02-19,PIXWF-BH-ROADHOUSESPAZA-AP1,Bothas Hill,54.05
925,2021-02-19,PIXWF-BH-TSAKANE-AP1,Bothas Hill,40.48
926,2021-02-19,PIXWF-CPT-KAYAMANDI-AP1,Kayamandi,69.29
927,2021-02-19,PIXWF-ICONICHAIRSALON-AP1,Munsieville,17.38
928,2021-02-19,PIXWF-MIDO-INTERNET-CAFE-AP1,Munsieville,14.05
929,2021-02-19,PIXWF-NOBELACENTER-AP1,Munsieville,24.05
917,2021-02-19,PIXWF-BH-CORNERTUCKSHOP-AP1,Bothas Hill,48.1
904,2021-02-19,FBXW-LI-Ramb-Lavhe-AP1,Rambuda,6.9
905,2021-02-19,FBXW-LI-Ramb-MKSpazaShopTshibvumo-AP1,Rambuda,20.24
902,2021-02-19,FBXW-LI-Ramb-ChiefHouse-AP1,Rambuda,40.95
903,2021-02-19,FBXW-LI-Ramb-HaKhakhiSpazaShop-AP1,Rambuda,54.05
879,2021-02-19,EFBXW-LI-Ram-Madula,Rambuda,26.67
880,2021-02-19,EFBXW-LI-Ramb-Nethamba-AP1,Rambuda,6.9
881,2021-02-19,EFBXW-LI-Ramb-NetiliResidence-AP1,Rambuda,6.9
882,2021-02-19,EFBXW-LI-Ramb-PileCommunityHall-AP1,Rambuda,21.67
883,2021-02-19,EFBXW-LI-Ramb-SuccessSalon-AP1,Rambuda,50.24
885,2021-02-19,FBXW-KZN-INANDA-AP1,Inanda,3.33
886,2021-02-19,FBXW-KZN-Lamontville-PIXWF,Lamontville,55.0
887,2021-02-19,FBXW-KZN-OLC-AP1,Mpopheni,3.57
888,2021-02-19,FBXW-KZN-Phoenix-AP1,Pheonix,3.57
889,2021-02-19,FBXW-LI-Asvali-Supermarket-AP1,Tzaneen,8.33
884,2021-02-19,FBXW-KZN-CLERMONT-AP1,Cleremont,8.57
891,2021-02-19,FBXW-LI-CHEAPCHEAP-SHOP-AP,Lebalelo,13.33
901,2021-02-19,FBXW-LI-PROSPERITE-TUCKSHOP-AP,Lebalelo,16.9
890,2021-02-19,FBXW-LI-Asvali-Supermarket-AP2,Tzaneen,8.33
900,2021-02-19,FBXW-LI-Masakhana-Spaza-Shop-AP1,Tzaneen,20.0
899,2021-02-19,FBXW-LI-Mariveni-CafeAP1,Tzaneen,52.62
897,2021-02-19,FBXW-LI-MMUTLANE-CLINIC-AP,Lebalelo,3.33
898,2021-02-19,FBXW-LI-MORENA-GENERAL-AP,Lebalelo,8.57
895,2021-02-19,FBXW-LI-MALOKELA-INTERNET-CAFE-AP,Lebalelo,20.48
894,2021-02-19,FBXW-LI-Hoza-Hoza-Tuckshop-AP1,Tzaneen,13.57
893,2021-02-19,FBXW-LI-DIMPHO-SHOP-AP,Lebalelo,8.33
892,2021-02-19,FBXW-LI-COUNCILLOR-SEERANE-RESIDENCE-AP,Lebalelo,3.33
896,2021-02-19,FBXW-LI-MMABOKO-SHOP-AP,Lebalelo,11.9
970,2021-02-20,PIXWF-BH-ASIBONGETRADINGBUTCHER-AP1,Bothas Hill,6.67
967,2021-02-20,FBXW-LI-Waren-G-AP2,Tzaneen,3.57
969,2021-02-20,FBXW-MONASGENERALSTORE-AP1,Munsieville,29.76
968,2021-02-20,FBXW-LI-YOUNG-AND-MENTHOL-AP,Lebalelo,18.33
966,2021-02-20,FBXW-LI-Waren-G-AP1,Tzaneen,3.57
961,2021-02-20,FBXW-LI-Ramb-NageliHouse-AP1,Rambuda,30.71
964,2021-02-20,FBXW-LI-SEKOBELA-TUCKSHOP-AP,Lebalelo,10.0
963,2021-02-20,FBXW-LI-Ramb-PileKonanani-disable-people-co-operative-AP1,Rambuda,3.33
962,2021-02-20,FBXW-LI-Ramb-NditsheniFruitShop-AP1,Rambuda,8.33
960,2021-02-20,FBXW-LI-Ramb-MuofheSpazaShop-AP11,Rambuda,18.57
971,2021-02-20,PIXWF-BH-CORNERTUCKSHOP-AP1,Bothas Hill,40.95
965,2021-02-20,FBXW-LI-Twenty-Ten-Centre-Shop-AP2,Tzaneen,11.9
972,2021-02-20,PIXWF-BH-DLAMINI-RESIDENCE-AP1,Bothas Hill,3.57
984,2021-02-20,PIXWF-MIDO-INTERNET-CAFE-AP1,Munsieville,22.62
974,2021-02-20,PIXWF-BH-KINGS-TUCKSHOP-AP1,Bothas Hill,11.9
975,2021-02-20,PIXWF-BH-LEFTCORNERSHOPCDP-AP1,Bothas Hill,3.57
976,2021-02-20,PIXWF-BH-MCHUNU-HOUSE-AP1,Bothas Hill,3.33
977,2021-02-20,PIXWF-BH-MSOMI-HOUSE-AP,Bothas Hill,12.14
978,2021-02-20,PIXWF-BH-NGCOBO-HOUSE-AP1,Bothas Hill,6.9
979,2021-02-20,PIXWF-BH-ROADHOUSESPAZA-AP1,Bothas Hill,35.48
980,2021-02-20,PIXWF-BH-TSAKANE-AP1,Bothas Hill,42.14
981,2021-02-20,PIXWF-BH-YENZANATHICDP-AP1,Bothas Hill,3.57
982,2021-02-20,PIXWF-CPT-KAYAMANDI-AP1,Kayamandi,62.86
983,2021-02-20,PIXWF-ICONICHAIRSALON-AP1,Munsieville,10.48
985,2021-02-20,PIXWF-NOBELACENTER-AP1,Munsieville,37.86
959,2021-02-20,FBXW-LI-Ramb-MukwevhoResidence-AP1,Rambuda,23.33
973,2021-02-20,PIXWF-BH-GRIMATUCKSHOP-AP,Bothas Hill,13.33
958,2021-02-20,FBXW-LI-Ramb-Matsindisi-AP1,Rambuda,8.33
943,2021-02-20,FBXW-LI-COUNCILLOR-SEERANE-RESIDENCE-AP,Lebalelo,3.33
956,2021-02-20,FBXW-LI-Ramb-Lavhe-AP1,Rambuda,6.9
930,2021-02-20,EFBXW-LI-Ram-Madula,Rambuda,23.33
932,2021-02-20,EFBXW-LI-Ramb-NetiliResidence-AP1,Rambuda,8.33
933,2021-02-20,EFBXW-LI-Ramb-PileCommunityHall-AP1,Rambuda,21.67
934,2021-02-20,EFBXW-LI-Ramb-SuccessSalon-AP1,Rambuda,38.57
935,2021-02-20,FBXW-KZN-INANDA-AP1,Inanda,3.33
936,2021-02-20,FBXW-KZN-Lamontville-PIXWF,Lamontville,65.0
937,2021-02-20,FBXW-KZN-OLC-AP1,Mpopheni,3.57
938,2021-02-20,FBXW-KZN-Phoenix-AP1,Pheonix,3.57
939,2021-02-20,FBXW-LI-Asvali-Supermarket-AP1,Tzaneen,3.57
940,2021-02-20,FBXW-LI-Asvali-Supermarket-AP2,Tzaneen,3.57
941,2021-02-20,FBXW-LI-CHEAPCHEAP-SHOP-AP,Lebalelo,3.33
942,2021-02-20,FBXW-LI-CORNER-TUCKSHOP-AP1,Tzaneen,3.57
931,2021-02-20,EFBXW-LI-Ramb-Nethamba-AP1,Rambuda,18.33
944,2021-02-20,FBXW-LI-DIMPHO-SHOP-AP,Lebalelo,8.33
955,2021-02-20,FBXW-LI-Ramb-HaKhakhiSpazaShop-AP1,Rambuda,39.05
954,2021-02-20,FBXW-LI-Ramb-ChiefHouse-AP1,Rambuda,22.38
953,2021-02-20,FBXW-LI-Ramb-AaronHouse-AP1,Rambuda,17.14
957,2021-02-20,FBXW-LI-Ramb-MKSpazaShopTshibvumo-AP1,Rambuda,15.24
951,2021-02-20,FBXW-LI-Masakhana-Spaza-Shop-AP1,Tzaneen,16.67
952,2021-02-20,FBXW-LI-PROSPERITE-TUCKSHOP-AP,Lebalelo,26.9
949,2021-02-20,FBXW-LI-MORENA-GENERAL-AP,Lebalelo,8.57
948,2021-02-20,FBXW-LI-MMUTLANE-CLINIC-AP,Lebalelo,5.0
947,2021-02-20,FBXW-LI-MMABOKO-SHOP-AP,Lebalelo,36.9
946,2021-02-20,FBXW-LI-MALOKELA-INTERNET-CAFE-AP,Lebalelo,21.9
945,2021-02-20,FBXW-LI-Hoza-Hoza-Tuckshop-AP1,Tzaneen,30.48
950,2021-02-20,FBXW-LI-Mariveni-CafeAP1,Tzaneen,17.62
1022,2021-02-21,FBXW-LI-YOUNG-AND-MENTHOL-AP,Lebalelo,13.33
1021,2021-02-21,FBXW-LI-Waren-G-AP1,Tzaneen,7.14
1020,2021-02-21,FBXW-LI-Twenty-Ten-Centre-Shop-AP2,Tzaneen,3.57
1019,2021-02-21,FBXW-LI-SEKOBELA-TUCKSHOP-AP,Lebalelo,10.0
1014,2021-02-21,FBXW-LI-Ramb-Matsindisi-AP1,Rambuda,13.33
1017,2021-02-21,FBXW-LI-Ramb-NageliHouse-AP1,Rambuda,37.38
1016,2021-02-21,FBXW-LI-Ramb-MuofheSpazaShop-AP11,Rambuda,13.81
1015,2021-02-21,FBXW-LI-Ramb-MukwevhoResidence-AP1,Rambuda,8.33
1023,2021-02-21,FBXW-MONASGENERALSTORE-AP1,Munsieville,10.48
1018,2021-02-21,FBXW-LI-Ramb-NditsheniFruitShop-AP1,Rambuda,15.24
1024,2021-02-21,PIXWF-BH-ASIBONGETRADINGBUTCHER-AP1,Bothas Hill,10.24
1031,2021-02-21,PIXWF-BH-TSAKANE-AP1,Bothas Hill,39.29
1026,2021-02-21,PIXWF-BH-DLAMINI-RESIDENCE-AP1,Bothas Hill,8.33
1027,2021-02-21,PIXWF-BH-GRIMATUCKSHOP-AP,Bothas Hill,8.33
1028,2021-02-21,PIXWF-BH-KINGS-TUCKSHOP-AP1,Bothas Hill,11.9
1029,2021-02-21,PIXWF-BH-MSOMI-HOUSE-AP,Bothas Hill,10.48
1030,2021-02-21,PIXWF-BH-ROADHOUSESPAZA-AP1,Bothas Hill,35.71
1032,2021-02-21,PIXWF-BH-YENZANATHICDP-AP1,Bothas Hill,3.33
1033,2021-02-21,PIXWF-CPT-KAYAMANDI-AP1,Kayamandi,51.19
1034,2021-02-21,PIXWF-ICONICHAIRSALON-AP1,Munsieville,6.9
1035,2021-02-21,PIXWF-MIDO-INTERNET-CAFE-AP1,Munsieville,10.71
1036,2021-02-21,PIXWF-NOBELACENTER-AP1,Munsieville,6.9
1012,2021-02-21,FBXW-LI-Ramb-Lavhe-AP1,Rambuda,6.9
1025,2021-02-21,PIXWF-BH-CORNERTUCKSHOP-AP1,Bothas Hill,37.38
1011,2021-02-21,FBXW-LI-Ramb-HaKhakhiSpazaShop-AP1,Rambuda,6.9
1013,2021-02-21,FBXW-LI-Ramb-MKSpazaShopTshibvumo-AP1,Rambuda,13.57
1009,2021-02-21,FBXW-LI-Ramb-AaronHouse-AP1,Rambuda,24.52
1010,2021-02-21,FBXW-LI-Ramb-ChiefHouse-AP1,Rambuda,17.38
986,2021-02-21,EFBXW-LI-Ram-Madula,Rambuda,23.33
987,2021-02-21,EFBXW-LI-Ramb-Nethamba-AP1,Rambuda,5.0
988,2021-02-21,EFBXW-LI-Ramb-NetiliResidence-AP1,Rambuda,3.33
989,2021-02-21,EFBXW-LI-Ramb-PileCommunityHall-AP1,Rambuda,11.67
990,2021-02-21,EFBXW-LI-Ramb-SuccessSalon-AP1,Rambuda,13.33
992,2021-02-21,FBXW-KZN-INANDA-AP1,Inanda,3.33
993,2021-02-21,FBXW-KZN-Lamontville-PIXWF,Lamontville,50.0
994,2021-02-21,FBXW-KZN-OLC-AP1,Mpopheni,3.57
995,2021-02-21,FBXW-KZN-Phoenix-AP1,Pheonix,10.0
996,2021-02-21,FBXW-LI-Asvali-Supermarket-AP2,Tzaneen,5.0
997,2021-02-21,FBXW-LI-CHEAPCHEAP-SHOP-AP,Lebalelo,8.33
991,2021-02-21,FBXW-KZN-CLERMONT-AP1,Cleremont,15.0
999,2021-02-21,FBXW-LI-COUNCILLOR-SEERANE-RESIDENCE-AP,Lebalelo,3.33
998,2021-02-21,FBXW-LI-CORNER-TUCKSHOP-AP1,Tzaneen,3.57
1008,2021-02-21,FBXW-LI-PROSPERITE-TUCKSHOP-AP,Lebalelo,35.48
1007,2021-02-21,FBXW-LI-NGWANAMATLALA-BUSINESSPARK-AP,Lebalelo,5.0
1005,2021-02-21,FBXW-LI-Mariveni-CafeAP1,Tzaneen,32.62
1004,2021-02-21,FBXW-LI-MORENA-GENERAL-AP,Lebalelo,5.0
1006,2021-02-21,FBXW-LI-Masakhana-Spaza-Shop-AP1,Tzaneen,31.67
1003,2021-02-21,FBXW-LI-MMABOKO-SHOP-AP,Lebalelo,46.9
1002,2021-02-21,FBXW-LI-MALOKELA-INTERNET-CAFE-AP,Lebalelo,16.67
1001,2021-02-21,FBXW-LI-Hoza-Hoza-Tuckshop-AP1,Tzaneen,13.57
1000,2021-02-21,FBXW-LI-DIMPHO-SHOP-AP,Lebalelo,3.33
1078,2021-02-22,FBXW-LI-Ruth-Tuck-Shop-AP1,Tzaneen,0.0
1081,2021-02-22,FBXW-LI-Waren-G-AP1,Tzaneen,3.57
1080,2021-02-22,FBXW-LI-Twenty-Ten-Centre-Shop-AP2,Tzaneen,3.57
1079,2021-02-22,FBXW-LI-SEKOBELA-TUCKSHOP-AP,Lebalelo,10.0
1082,2021-02-22,FBXW-LI-Waren-G-AP2,Tzaneen,3.57
1077,2021-02-22,FBXW-LI-Ramb-PileKonanani-disable-people-co-operative-AP1,Rambuda,8.33
1073,2021-02-22,FBXW-LI-Ramb-MukwevhoResidence-AP1,Rambuda,3.33
1075,2021-02-22,FBXW-LI-Ramb-NageliHouse-AP1,Rambuda,35.71
1074,2021-02-22,FBXW-LI-Ramb-MuofheSpazaShop-AP11,Rambuda,17.38
1071,2021-02-22,FBXW-LI-Ramb-MKSpazaShopTshibvumo-AP1,Rambuda,10.24
1072,2021-02-22,FBXW-LI-Ramb-Matsindisi-AP1,Rambuda,8.33
1083,2021-02-22,FBXW-LI-YOUNG-AND-MENTHOL-AP,Lebalelo,3.33
1076,2021-02-22,FBXW-LI-Ramb-NditsheniFruitShop-AP1,Rambuda,3.33
1084,2021-02-22,FBXW-MONASGENERALSTORE-AP1,Munsieville,25.0
1096,2021-02-22,PIXWF-CPT-KAYAMANDI-AP1,Kayamandi,52.86
1086,2021-02-22,PIXWF-BH-CORNERTUCKSHOP-AP1,Bothas Hill,39.52
1087,2021-02-22,PIXWF-BH-DLAMINI-RESIDENCE-AP1,Bothas Hill,8.33
1088,2021-02-22,PIXWF-BH-GRIMATUCKSHOP-AP,Bothas Hill,8.33
1089,2021-02-22,PIXWF-BH-KINGS-TUCKSHOP-AP1,Bothas Hill,6.9
1090,2021-02-22,PIXWF-BH-LEFTCORNERSHOPCDP-AP1,Bothas Hill,0.0
1099,2021-02-22,PIXWF-NOBELACENTER-AP1,Munsieville,12.14
1091,2021-02-22,PIXWF-BH-MSOMI-HOUSE-AP,Bothas Hill,10.48
1092,2021-02-22,PIXWF-BH-NGCOBO-HOUSE-AP1,Bothas Hill,10.24
1093,2021-02-22,PIXWF-BH-ROADHOUSESPAZA-AP1,Bothas Hill,24.29
1094,2021-02-22,PIXWF-BH-TSAKANE-AP1,Bothas Hill,41.19
1095,2021-02-22,PIXWF-BH-YENZANATHICDP-AP1,Bothas Hill,0.0
1097,2021-02-22,PIXWF-ICONICHAIRSALON-AP1,Munsieville,17.62
1098,2021-02-22,PIXWF-MIDO-INTERNET-CAFE-AP1,Munsieville,17.62
1070,2021-02-22,FBXW-LI-Ramb-Lavhe-AP1,Rambuda,10.48
1085,2021-02-22,PIXWF-BH-ASIBONGETRADINGBUTCHER-AP1,Bothas Hill,0.0
1069,2021-02-22,FBXW-LI-Ramb-HaKhakhiSpazaShop-AP1,Rambuda,22.14
1045,2021-02-22,FBXW-KZN-MARRIANHILL-AP2,Inanda,0.0
1067,2021-02-22,FBXW-LI-Ramb-CouncilOffice-AP1,Rambuda,22.38
1068,2021-02-22,FBXW-LI-Ramb-Fhatuwani,Rambuda,0.0
1037,2021-02-22,EFBXW-LI-Ram-Madula,Rambuda,10.0
1038,2021-02-22,EFBXW-LI-Ramb-Nethamba-AP1,Rambuda,11.67
1039,2021-02-22,EFBXW-LI-Ramb-NetiliResidence-AP1,Rambuda,6.9
1040,2021-02-22,EFBXW-LI-Ramb-SuccessSalon-AP1,Rambuda,6.9
1041,2021-02-22,FBXW-KZN-CLERMONT-AP1,Cleremont,13.57
1042,2021-02-22,FBXW-KZN-INANDA-AP1,Inanda,3.33
1043,2021-02-22,FBXW-KZN-KWADABEKA-AP1,Kwadabeka,0.0
1046,2021-02-22,FBXW-KZN-OLC-AP1,Mpopheni,8.57
1047,2021-02-22,FBXW-KZN-Phoenix-AP1,Pheonix,10.0
1048,2021-02-22,FBXW-LI-Asvali-Supermarket-AP1,Tzaneen,0.0
1049,2021-02-22,FBXW-LI-Asvali-Supermarket-AP2,Tzaneen,0.0
1050,2021-02-22,FBXW-LI-CHEAPCHEAP-SHOP-AP,Lebalelo,3.33
1051,2021-02-22,FBXW-LI-CORNER-TUCKSHOP-AP1,Tzaneen,0.0
1044,2021-02-22,FBXW-KZN-Lamontville-PIXWF,Lamontville,26.9
1053,2021-02-22,FBXW-LI-DIMPHO-SHOP-AP,Lebalelo,3.33
1066,2021-02-22,FBXW-LI-Ramb-ChiefHouse-AP1,Rambuda,7.14
1052,2021-02-22,FBXW-LI-COUNCILLOR-SEERANE-RESIDENCE-AP,Lebalelo,3.33
1065,2021-02-22,FBXW-LI-Ramb-AaronHouse-AP1,Rambuda,28.1
1064,2021-02-22,FBXW-LI-PROSPERITE-TUCKSHOP-AP,Lebalelo,16.9
1063,2021-02-22,FBXW-LI-NTWAMPE-AP,Lebalelo,0.0
1061,2021-02-22,FBXW-LI-Masakhana-Spaza-Shop-AP1,Tzaneen,18.33
1060,2021-02-22,FBXW-LI-Mariveni-CafeAP1,Tzaneen,22.62
1062,2021-02-22,FBXW-LI-NGWANAMATLALA-BUSINESSPARK-AP,Lebalelo,0.0
1058,2021-02-22,FBXW-LI-MMUTLANE-CLINIC-AP,Lebalelo,3.33
1057,2021-02-22,FBXW-LI-MMABOKO-SHOP-AP,Lebalelo,16.9
1056,2021-02-22,FBXW-LI-MALOKELA-INTERNET-CAFE-AP,Lebalelo,3.33
1055,2021-02-22,FBXW-LI-LESEDI-SCHOOL-AP,Lebalelo,0.0
1054,2021-02-22,FBXW-LI-Hoza-Hoza-Tuckshop-AP1,Tzaneen,3.57
1059,2021-02-22,FBXW-LI-MORENA-GENERAL-AP,Lebalelo,5.0
1145,2021-02-23,FBXW-LI-Waren-G-AP2,Tzaneen,3.57
1141,2021-02-23,FBXW-LI-Ruth-Tuck-Shop-AP1,Tzaneen,0.0
1144,2021-02-23,FBXW-LI-Waren-G-AP1,Tzaneen,3.57
1143,2021-02-23,FBXW-LI-Twenty-Ten-Centre-Shop-AP2,Tzaneen,3.57
1142,2021-02-23,FBXW-LI-SEKOBELA-TUCKSHOP-AP,Lebalelo,10.0
1140,2021-02-23,FBXW-LI-Ramb-PileKonanani-disable-people-co-operative-AP1,Rambuda,8.33
1134,2021-02-23,FBXW-LI-Ramb-MKSpazaShopTshibvumo-AP1,Rambuda,10.48
1138,2021-02-23,FBXW-LI-Ramb-NageliHouse-AP1,Rambuda,18.81
1137,2021-02-23,FBXW-LI-Ramb-MuofheSpazaShop-AP11,Rambuda,3.33
1136,2021-02-23,FBXW-LI-Ramb-MukwevhoResidence-AP1,Rambuda,3.33
1163,2021-02-23,PIXWF-NOBELACENTER-AP1,Munsieville,12.14
1135,2021-02-23,FBXW-LI-Ramb-Matsindisi-AP1,Rambuda,3.33
1146,2021-02-23,FBXW-LI-YOUNG-AND-MENTHOL-AP,Lebalelo,3.33
1139,2021-02-23,FBXW-LI-Ramb-NditsheniFruitShop-AP1,Rambuda,3.33
1147,2021-02-23,FBXW-MONASGENERALSTORE-AP1,Munsieville,32.14
1162,2021-02-23,PIXWF-MIDO-INTERNET-CAFE-AP1,Munsieville,29.76
1149,2021-02-23,PIXWF-BH-CORNERTUCKSHOP-AP1,Bothas Hill,28.1
1150,2021-02-23,PIXWF-BH-DLAMINI-RESIDENCE-AP1,Bothas Hill,6.9
1151,2021-02-23,PIXWF-BH-GRIMATUCKSHOP-AP,Bothas Hill,6.67
1152,2021-02-23,PIXWF-BH-KINGS-TUCKSHOP-AP1,Bothas Hill,6.9
1153,2021-02-23,PIXWF-BH-LEFTCORNERSHOPCDP-AP1,Bothas Hill,6.67
1154,2021-02-23,PIXWF-BH-MCHUNU-HOUSE-AP1,Bothas Hill,3.33
1155,2021-02-23,PIXWF-BH-MSOMI-HOUSE-AP,Bothas Hill,10.48
1156,2021-02-23,PIXWF-BH-NGCOBO-HOUSE-AP1,Bothas Hill,13.81
1157,2021-02-23,PIXWF-BH-ROADHOUSESPAZA-AP1,Bothas Hill,32.86
1158,2021-02-23,PIXWF-BH-TSAKANE-AP1,Bothas Hill,29.52
1159,2021-02-23,PIXWF-BH-YENZANATHICDP-AP1,Bothas Hill,0.0
1160,2021-02-23,PIXWF-CPT-KAYAMANDI-AP1,Kayamandi,51.19
1161,2021-02-23,PIXWF-ICONICHAIRSALON-AP1,Munsieville,10.48
1133,2021-02-23,FBXW-LI-Ramb-Lavhe-AP1,Rambuda,6.9
1148,2021-02-23,PIXWF-BH-ASIBONGETRADINGBUTCHER-AP1,Bothas Hill,10.0
1132,2021-02-23,FBXW-LI-Ramb-HaKhakhiSpazaShop-AP1,Rambuda,17.14
1127,2021-02-23,FBXW-LI-PROSPERITE-TUCKSHOP-AP,Lebalelo,3.33
1130,2021-02-23,FBXW-LI-Ramb-CouncilOffice-AP1,Rambuda,14.05
1131,2021-02-23,FBXW-LI-Ramb-Fhatuwani,Rambuda,0.0
1100,2021-02-23,EFBXW-LI-Ram-Madula,Rambuda,3.33
1101,2021-02-23,EFBXW-LI-Ramb-Nethamba-AP1,Rambuda,6.67
1102,2021-02-23,EFBXW-LI-Ramb-NetiliResidence-AP1,Rambuda,10.48
1103,2021-02-23,EFBXW-LI-Ramb-SuccessSalon-AP1,Rambuda,3.33
1104,2021-02-23,FBXW-KZN-CLERMONT-AP1,Cleremont,3.57
1105,2021-02-23,FBXW-KZN-INANDA-AP1,Inanda,3.33
1106,2021-02-23,FBXW-KZN-KWADABEKA-AP1,Kwadabeka,5.0
1108,2021-02-23,FBXW-KZN-MARRIANHILL-AP2,Inanda,0.0
1109,2021-02-23,FBXW-KZN-OLC-AP1,Mpopheni,3.57
1110,2021-02-23,FBXW-KZN-Phoenix-AP1,Pheonix,5.0
1111,2021-02-23,FBXW-LI-Asvali-Supermarket-AP1,Tzaneen,3.33
1112,2021-02-23,FBXW-LI-Asvali-Supermarket-AP2,Tzaneen,3.33
1113,2021-02-23,FBXW-LI-CHEAPCHEAP-SHOP-AP,Lebalelo,3.33
1107,2021-02-23,FBXW-KZN-Lamontville-PIXWF,Lamontville,18.33
1115,2021-02-23,FBXW-LI-COUNCILLOR-SEERANE-RESIDENCE-AP,Lebalelo,3.33
1114,2021-02-23,FBXW-LI-CORNER-TUCKSHOP-AP1,Tzaneen,0.0
1128,2021-02-23,FBXW-LI-Ramb-AaronHouse-AP1,Rambuda,17.38
1126,2021-02-23,FBXW-LI-NTWAMPE-AP,Lebalelo,0.0
1125,2021-02-23,FBXW-LI-NGWANAMATLALA-BUSINESSPARK-AP,Lebalelo,0.0
1124,2021-02-23,FBXW-LI-Masakhana-Spaza-Shop-AP1,Tzaneen,3.33
1123,2021-02-23,FBXW-LI-Mariveni-CafeAP1,Tzaneen,17.62
1122,2021-02-23,FBXW-LI-MORENA-GENERAL-AP,Lebalelo,0.0
1129,2021-02-23,FBXW-LI-Ramb-ChiefHouse-AP1,Rambuda,17.62
1120,2021-02-23,FBXW-LI-MMABOKO-SHOP-AP,Lebalelo,6.9
1119,2021-02-23,FBXW-LI-MALOKELA-INTERNET-CAFE-AP,Lebalelo,3.33
1118,2021-02-23,FBXW-LI-LESEDI-SCHOOL-AP,Lebalelo,0.0
1117,2021-02-23,FBXW-LI-Hoza-Hoza-Tuckshop-AP1,Tzaneen,3.57
1116,2021-02-23,FBXW-LI-DIMPHO-SHOP-AP,Lebalelo,6.9
1121,2021-02-23,FBXW-LI-MMUTLANE-CLINIC-AP,Lebalelo,6.9
1211,2021-02-24,FBXW-MONASGENERALSTORE-AP1,Munsieville,33.57
1210,2021-02-24,FBXW-LI-YOUNG-AND-MENTHOL-AP,Lebalelo,45.0
1209,2021-02-24,FBXW-LI-Waren-G-AP2,Tzaneen,3.57
1208,2021-02-24,FBXW-LI-Waren-G-AP1,Tzaneen,3.57
1207,2021-02-24,FBXW-LI-Twenty-Ten-Centre-Shop-AP2,Tzaneen,8.57
1206,2021-02-24,FBXW-LI-SEKOBELA-TUCKSHOP-AP,Lebalelo,10.0
1205,2021-02-24,FBXW-LI-Ruth-Tuck-Shop-AP1,Tzaneen,0.0
1202,2021-02-24,FBXW-LI-Ramb-MuofheSpazaShop-AP11,Rambuda,17.62
1203,2021-02-24,FBXW-LI-Ramb-NageliHouse-AP1,Rambuda,24.05
1201,2021-02-24,FBXW-LI-Ramb-MukwevhoResidence-AP1,Rambuda,3.33
1200,2021-02-24,FBXW-LI-Ramb-Matsindisi-AP1,Rambuda,23.33
1199,2021-02-24,FBXW-LI-Ramb-MKSpazaShopTshibvumo-AP1,Rambuda,23.81
1198,2021-02-24,FBXW-LI-Ramb-Lavhe-AP1,Rambuda,10.48
1204,2021-02-24,FBXW-LI-Ramb-PileKonanani-disable-people-co-operative-AP1,Rambuda,15.0
1212,2021-02-24,PIXWF-BH-ASIBONGETRADINGBUTCHER-AP1,Bothas Hill,16.9
1228,2021-02-24,PIXWF-SHOP-n-SAVE-AP1,Munsieville,0.0
1214,2021-02-24,PIXWF-BH-DLAMINI-RESIDENCE-AP1,Bothas Hill,3.33
1215,2021-02-24,PIXWF-BH-GRIMATUCKSHOP-AP,Bothas Hill,8.33
1216,2021-02-24,PIXWF-BH-KINGS-TUCKSHOP-AP1,Bothas Hill,3.57
1217,2021-02-24,PIXWF-BH-LEFTCORNERSHOPCDP-AP1,Bothas Hill,15.24
1218,2021-02-24,PIXWF-BH-MCHUNU-HOUSE-AP1,Bothas Hill,6.67
1220,2021-02-24,PIXWF-BH-NGCOBO-HOUSE-AP1,Bothas Hill,15.24
1221,2021-02-24,PIXWF-BH-ROADHOUSESPAZA-AP1,Bothas Hill,37.38
1222,2021-02-24,PIXWF-BH-TSAKANE-AP1,Bothas Hill,51.43
1223,2021-02-24,PIXWF-BH-YENZANATHICDP-AP1,Bothas Hill,0.0
1224,2021-02-24,PIXWF-CPT-KAYAMANDI-AP1,Kayamandi,47.62
1225,2021-02-24,PIXWF-ICONICHAIRSALON-AP1,Munsieville,13.81
1226,2021-02-24,PIXWF-MIDO-INTERNET-CAFE-AP1,Munsieville,21.19
1227,2021-02-24,PIXWF-NOBELACENTER-AP1,Munsieville,7.14
1197,2021-02-24,FBXW-LI-Ramb-HaKhakhiSpazaShop-AP1,Rambuda,17.14
1213,2021-02-24,PIXWF-BH-CORNERTUCKSHOP-AP1,Bothas Hill,51.67
1196,2021-02-24,FBXW-LI-Ramb-Fhatuwani,Rambuda,0.0
1219,2021-02-24,PIXWF-BH-MSOMI-HOUSE-AP,Bothas Hill,10.48
1194,2021-02-24,FBXW-LI-Ramb-ChiefHouse-AP1,Rambuda,19.05
1195,2021-02-24,FBXW-LI-Ramb-CouncilOffice-AP1,Rambuda,10.24
1164,2021-02-24,EFBXW-LI-Ram-Madula,Rambuda,8.33
1165,2021-02-24,EFBXW-LI-Ramb-Nethamba-AP1,Rambuda,8.33
1166,2021-02-24,EFBXW-LI-Ramb-NetiliResidence-AP1,Rambuda,10.48
1168,2021-02-24,FBXW-KZN-CLERMONT-AP1,Cleremont,3.57
1169,2021-02-24,FBXW-KZN-INANDA-AP1,Inanda,3.33
1170,2021-02-24,FBXW-KZN-KWADABEKA-AP1,Kwadabeka,3.33
1171,2021-02-24,FBXW-KZN-Lamontville-PIXWF,Lamontville,48.33
1172,2021-02-24,FBXW-KZN-MARRIANHILL-AP2,Inanda,0.0
1173,2021-02-24,FBXW-KZN-OLC-AP1,Mpopheni,3.57
1174,2021-02-24,FBXW-KZN-Phoenix-AP1,Pheonix,5.0
1175,2021-02-24,FBXW-LI-Asvali-Supermarket-AP1,Tzaneen,8.57
1176,2021-02-24,FBXW-LI-Asvali-Supermarket-AP2,Tzaneen,0.0
1177,2021-02-24,FBXW-LI-CHEAPCHEAP-SHOP-AP,Lebalelo,3.33
1178,2021-02-24,FBXW-LI-CORNER-TUCKSHOP-AP1,Tzaneen,0.0
1167,2021-02-24,EFBXW-LI-Ramb-SuccessSalon-AP1,Rambuda,31.9
1180,2021-02-24,FBXW-LI-DIMPHO-SHOP-AP,Lebalelo,11.67
1179,2021-02-24,FBXW-LI-COUNCILLOR-SEERANE-RESIDENCE-AP,Lebalelo,3.33
1192,2021-02-24,FBXW-LI-PROSPERITE-TUCKSHOP-AP,Lebalelo,25.0
1191,2021-02-24,FBXW-LI-PHASHAPOLICE-RESIDENTS-AP,Lebalelo,3.57
1189,2021-02-24,FBXW-LI-NGWANAMATLALA-BUSINESSPARK-AP,Lebalelo,6.9
1188,2021-02-24,FBXW-LI-Masakhana-Spaza-Shop-AP1,Tzaneen,0.0
1187,2021-02-24,FBXW-LI-Mariveni-CafeAP1,Tzaneen,37.62
1190,2021-02-24,FBXW-LI-NTWAMPE-AP,Lebalelo,3.57
1185,2021-02-24,FBXW-LI-MMUTLANE-CLINIC-AP,Lebalelo,3.33
1193,2021-02-24,FBXW-LI-Ramb-AaronHouse-AP1,Rambuda,17.38
1184,2021-02-24,FBXW-LI-MMABOKO-SHOP-AP,Lebalelo,26.9
1183,2021-02-24,FBXW-LI-MALOKELA-INTERNET-CAFE-AP,Lebalelo,46.67
1182,2021-02-24,FBXW-LI-LESEDI-SCHOOL-AP,Lebalelo,0.0
1186,2021-02-24,FBXW-LI-MORENA-GENERAL-AP,Lebalelo,5.0
1181,2021-02-24,FBXW-LI-Hoza-Hoza-Tuckshop-AP1,Tzaneen,23.57
1264,2021-02-25,FBXW-MONASGENERALSTORE-AP1,Munsieville,31.9
1263,2021-02-25,FBXW-LI-YOUNG-AND-MENTHOL-AP,Lebalelo,31.9
1262,2021-02-25,FBXW-LI-Waren-G-AP2,Tzaneen,11.9
1261,2021-02-25,FBXW-LI-Waren-G-AP1,Tzaneen,11.9
1258,2021-02-25,FBXW-LI-Ruth-Tuck-Shop-AP1,Tzaneen,21.9
1259,2021-02-25,FBXW-LI-SEKOBELA-TUCKSHOP-AP,Lebalelo,6.67
1257,2021-02-25,FBXW-LI-Ramb-PileKonanani-disable-people-co-operative-AP1,Rambuda,6.9
1265,2021-02-25,PIXWF-BH-ASIBONGETRADINGBUTCHER-AP1,Bothas Hill,10.0
1256,2021-02-25,FBXW-LI-Ramb-NageliHouse-AP1,Rambuda,40.71
1260,2021-02-25,FBXW-LI-Twenty-Ten-Centre-Shop-AP2,Tzaneen,5.0
1266,2021-02-25,PIXWF-BH-CORNERTUCKSHOP-AP1,Bothas Hill,52.86
1273,2021-02-25,PIXWF-BH-ROADHOUSESPAZA-AP1,Bothas Hill,60.95
1268,2021-02-25,PIXWF-BH-GRIMATUCKSHOP-AP,Bothas Hill,6.67
1269,2021-02-25,PIXWF-BH-KINGS-TUCKSHOP-AP1,Bothas Hill,13.81
1270,2021-02-25,PIXWF-BH-LEFTCORNERSHOPCDP-AP1,Bothas Hill,11.67
1271,2021-02-25,PIXWF-BH-MSOMI-HOUSE-AP,Bothas Hill,10.48
1272,2021-02-25,PIXWF-BH-NGCOBO-HOUSE-AP1,Bothas Hill,11.67
1274,2021-02-25,PIXWF-BH-TSAKANE-AP1,Bothas Hill,46.19
1275,2021-02-25,PIXWF-CPT-KAYAMANDI-AP1,Kayamandi,69.05
1276,2021-02-25,PIXWF-ICONICHAIRSALON-AP1,Munsieville,17.62
1277,2021-02-25,PIXWF-MIDO-INTERNET-CAFE-AP1,Munsieville,31.9
1255,2021-02-25,FBXW-LI-Ramb-MuofheSpazaShop-AP11,Rambuda,34.52
1278,2021-02-25,PIXWF-NOBELACENTER-AP1,Munsieville,13.57
1267,2021-02-25,PIXWF-BH-DLAMINI-RESIDENCE-AP1,Bothas Hill,6.67
1254,2021-02-25,FBXW-LI-Ramb-MukwevhoResidence-AP1,Rambuda,3.33
1251,2021-02-25,FBXW-LI-Ramb-Lavhe-AP1,Rambuda,20.95
1252,2021-02-25,FBXW-LI-Ramb-MKSpazaShopTshibvumo-AP1,Rambuda,28.81
1253,2021-02-25,FBXW-LI-Ramb-Matsindisi-AP1,Rambuda,31.67
1229,2021-02-25,EFBXW-LI-Ramb-Nethamba-AP1,Rambuda,11.9
1230,2021-02-25,EFBXW-LI-Ramb-NetiliResidence-AP1,Rambuda,10.48
1231,2021-02-25,EFBXW-LI-Ramb-SuccessSalon-AP1,Rambuda,28.81
1232,2021-02-25,FBXW-KZN-CLERMONT-AP1,Cleremont,3.57
1233,2021-02-25,FBXW-KZN-INANDA-AP1,Inanda,3.33
1235,2021-02-25,FBXW-KZN-OLC-AP1,Mpopheni,3.57
1236,2021-02-25,FBXW-KZN-Phoenix-AP1,Pheonix,5.0
1237,2021-02-25,FBXW-LI-Asvali-Supermarket-AP1,Tzaneen,3.57
1238,2021-02-25,FBXW-LI-CHEAPCHEAP-SHOP-AP,Lebalelo,3.33
1239,2021-02-25,FBXW-LI-COUNCILLOR-SEERANE-RESIDENCE-AP,Lebalelo,3.33
1234,2021-02-25,FBXW-KZN-Lamontville-PIXWF,Lamontville,61.9
1241,2021-02-25,FBXW-LI-Hoza-Hoza-Tuckshop-AP1,Tzaneen,23.57
1242,2021-02-25,FBXW-LI-MALOKELA-INTERNET-CAFE-AP,Lebalelo,31.9
1243,2021-02-25,FBXW-LI-MMABOKO-SHOP-AP,Lebalelo,6.9
1244,2021-02-25,FBXW-LI-Mariveni-CafeAP1,Tzaneen,29.05
1245,2021-02-25,FBXW-LI-Masakhana-Spaza-Shop-AP1,Tzaneen,0.0
1246,2021-02-25,FBXW-LI-PROSPERITE-TUCKSHOP-AP,Lebalelo,6.67
1247,2021-02-25,FBXW-LI-Ramb-AaronHouse-AP1,Rambuda,35.24
1248,2021-02-25,FBXW-LI-Ramb-ChiefHouse-AP1,Rambuda,19.05
1249,2021-02-25,FBXW-LI-Ramb-CouncilOffice-AP1,Rambuda,21.19
1240,2021-02-25,FBXW-LI-DIMPHO-SHOP-AP,Lebalelo,15.0
1250,2021-02-25,FBXW-LI-Ramb-HaKhakhiSpazaShop-AP1,Rambuda,20.71
1318,2021-02-26,FBXW-LI-YOUNG-AND-MENTHOL-AP,Lebalelo,43.33
1317,2021-02-26,FBXW-LI-Waren-G-AP2,Tzaneen,13.57
1334,2021-02-26,PIXWF-NOBELACENTER-AP1,Munsieville,28.81
1315,2021-02-26,FBXW-LI-Twenty-Ten-Centre-Shop-AP2,Tzaneen,12.14
1314,2021-02-26,FBXW-LI-SEKOBELA-TUCKSHOP-AP,Lebalelo,10.0
1310,2021-02-26,FBXW-LI-Ramb-NageliHouse-AP1,Rambuda,27.62
1312,2021-02-26,FBXW-LI-Ramb-PileKonanani-disable-people-co-operative-AP1,Rambuda,10.48
1311,2021-02-26,FBXW-LI-Ramb-NditsheniFruitShop-AP1,Rambuda,6.67
1309,2021-02-26,FBXW-LI-Ramb-MuofheSpazaShop-AP11,Rambuda,50.0
1319,2021-02-26,FBXW-MONASGENERALSTORE-AP1,Munsieville,30.48
1313,2021-02-26,FBXW-LI-Ruth-Tuck-Shop-AP1,Tzaneen,15.0
1320,2021-02-26,PIXWF-BH-ASIBONGETRADINGBUTCHER-AP1,Bothas Hill,24.05
1332,2021-02-26,PIXWF-ICONICHAIRSALON-AP1,Munsieville,22.38
1322,2021-02-26,PIXWF-BH-DLAMINI-RESIDENCE-AP1,Bothas Hill,6.67
1323,2021-02-26,PIXWF-BH-GRIMATUCKSHOP-AP,Bothas Hill,3.33
1324,2021-02-26,PIXWF-BH-KINGS-TUCKSHOP-AP1,Bothas Hill,13.81
1325,2021-02-26,PIXWF-BH-LEFTCORNERSHOPCDP-AP1,Bothas Hill,18.81
1326,2021-02-26,PIXWF-BH-MSOMI-HOUSE-AP,Bothas Hill,10.48
1327,2021-02-26,PIXWF-BH-NGCOBO-HOUSE-AP1,Bothas Hill,11.67
1328,2021-02-26,PIXWF-BH-ROADHOUSESPAZA-AP1,Bothas Hill,71.19
1329,2021-02-26,PIXWF-BH-TSAKANE-AP1,Bothas Hill,42.62
1330,2021-02-26,PIXWF-BH-YENZANATHICDP-AP1,Bothas Hill,6.9
1331,2021-02-26,PIXWF-CPT-KAYAMANDI-AP1,Kayamandi,75.48
1333,2021-02-26,PIXWF-MIDO-INTERNET-CAFE-AP1,Munsieville,35.48
1308,2021-02-26,FBXW-LI-Ramb-MukwevhoResidence-AP1,Rambuda,8.33
1321,2021-02-26,PIXWF-BH-CORNERTUCKSHOP-AP1,Bothas Hill,78.1
1307,2021-02-26,FBXW-LI-Ramb-Matsindisi-AP1,Rambuda,11.67
1316,2021-02-26,FBXW-LI-Waren-G-AP1,Tzaneen,13.57
1305,2021-02-26,FBXW-LI-Ramb-Lavhe-AP1,Rambuda,14.05
1279,2021-02-26,EFBXW-LI-Ram-Madula,Rambuda,3.33
1280,2021-02-26,EFBXW-LI-Ramb-Nethamba-AP1,Rambuda,10.48
1281,2021-02-26,EFBXW-LI-Ramb-NetiliResidence-AP1,Rambuda,10.48
1282,2021-02-26,EFBXW-LI-Ramb-SuccessSalon-AP1,Rambuda,27.14
1283,2021-02-26,FBXW-KZN-CLERMONT-AP1,Cleremont,8.57
1284,2021-02-26,FBXW-KZN-INANDA-AP1,Inanda,3.33
1285,2021-02-26,FBXW-KZN-Lamontville-PIXWF,Lamontville,36.9
1286,2021-02-26,FBXW-KZN-OLC-AP1,Mpopheni,7.14
1287,2021-02-26,FBXW-KZN-Phoenix-AP1,Pheonix,13.57
1288,2021-02-26,FBXW-LI-CHEAPCHEAP-SHOP-AP,Lebalelo,11.67
1289,2021-02-26,FBXW-LI-CORNER-TUCKSHOP-AP1,Tzaneen,5.0
1290,2021-02-26,FBXW-LI-COUNCILLOR-SEERANE-RESIDENCE-AP,Lebalelo,11.9
1291,2021-02-26,FBXW-LI-DIMPHO-SHOP-AP,Lebalelo,20.0
1306,2021-02-26,FBXW-LI-Ramb-MKSpazaShopTshibvumo-AP1,Rambuda,13.81
1293,2021-02-26,FBXW-LI-MALOKELA-INTERNET-CAFE-AP,Lebalelo,65.48
1304,2021-02-26,FBXW-LI-Ramb-HaKhakhiSpazaShop-AP1,Rambuda,31.19
1303,2021-02-26,FBXW-LI-Ramb-CouncilOffice-AP1,Rambuda,37.86
1302,2021-02-26,FBXW-LI-Ramb-ChiefHouse-AP1,Rambuda,21.19
1292,2021-02-26,FBXW-LI-Hoza-Hoza-Tuckshop-AP1,Tzaneen,8.57
1300,2021-02-26,FBXW-LI-PROSPERITE-TUCKSHOP-AP,Lebalelo,11.67
1301,2021-02-26,FBXW-LI-Ramb-AaronHouse-AP1,Rambuda,31.67
1298,2021-02-26,FBXW-LI-NGWANAMATLALA-BUSINESSPARK-AP,Lebalelo,8.57
1297,2021-02-26,FBXW-LI-Mariveni-CafeAP1,Tzaneen,42.62
1296,2021-02-26,FBXW-LI-MORENA-GENERAL-AP,Lebalelo,5.0
1295,2021-02-26,FBXW-LI-MMUTLANE-CLINIC-AP,Lebalelo,3.33
1294,2021-02-26,FBXW-LI-MMABOKO-SHOP-AP,Lebalelo,23.57
1299,2021-02-26,FBXW-LI-NTWAMPE-AP,Lebalelo,3.57
1374,2021-02-27,FBXW-MONASGENERALSTORE-AP1,Munsieville,30.48
1373,2021-02-27,FBXW-LI-YOUNG-AND-MENTHOL-AP,Lebalelo,15.48
1372,2021-02-27,FBXW-LI-Waren-G-AP2,Tzaneen,11.9
1371,2021-02-27,FBXW-LI-Waren-G-AP1,Tzaneen,21.9
1365,2021-02-27,FBXW-LI-Ramb-NageliHouse-AP1,Rambuda,27.38
1369,2021-02-27,FBXW-LI-SEKOBELA-TUCKSHOP-AP,Lebalelo,10.0
1368,2021-02-27,FBXW-LI-Ruth-Tuck-Shop-AP1,Tzaneen,10.0
1367,2021-02-27,FBXW-LI-Ramb-PileKonanani-disable-people-co-operative-AP1,Rambuda,20.0
1366,2021-02-27,FBXW-LI-Ramb-NditsheniFruitShop-AP1,Rambuda,8.33
1375,2021-02-27,PIXWF-BH-ASIBONGETRADINGBUTCHER-AP1,Bothas Hill,21.9
1370,2021-02-27,FBXW-LI-Twenty-Ten-Centre-Shop-AP2,Tzaneen,14.29
1376,2021-02-27,PIXWF-BH-CORNERTUCKSHOP-AP1,Bothas Hill,60.95
1383,2021-02-27,PIXWF-BH-ROADHOUSESPAZA-AP1,Bothas Hill,71.43
1378,2021-02-27,PIXWF-BH-GRIMATUCKSHOP-AP,Bothas Hill,6.67
1379,2021-02-27,PIXWF-BH-KINGS-TUCKSHOP-AP1,Bothas Hill,10.24
1380,2021-02-27,PIXWF-BH-LEFTCORNERSHOPCDP-AP1,Bothas Hill,18.81
1381,2021-02-27,PIXWF-BH-MSOMI-HOUSE-AP,Bothas Hill,10.48
1382,2021-02-27,PIXWF-BH-NGCOBO-HOUSE-AP1,Bothas Hill,11.67
1384,2021-02-27,PIXWF-BH-TSAKANE-AP1,Bothas Hill,57.86
1385,2021-02-27,PIXWF-BH-YENZANATHICDP-AP1,Bothas Hill,3.57
1386,2021-02-27,PIXWF-CPT-KAYAMANDI-AP1,Kayamandi,84.29
1387,2021-02-27,PIXWF-ICONICHAIRSALON-AP1,Munsieville,10.48
1388,2021-02-27,PIXWF-MIDO-INTERNET-CAFE-AP1,Munsieville,16.9
1389,2021-02-27,PIXWF-NOBELACENTER-AP1,Munsieville,16.9
1364,2021-02-27,FBXW-LI-Ramb-MuofheSpazaShop-AP11,Rambuda,29.52
1377,2021-02-27,PIXWF-BH-DLAMINI-RESIDENCE-AP1,Bothas Hill,8.33
1363,2021-02-27,FBXW-LI-Ramb-MukwevhoResidence-AP1,Rambuda,18.33
1362,2021-02-27,FBXW-LI-Ramb-Matsindisi-AP1,Rambuda,6.67
1361,2021-02-27,FBXW-LI-Ramb-MKSpazaShopTshibvumo-AP1,Rambuda,15.24
1335,2021-02-27,EFBXW-LI-Ram-Madula,Rambuda,3.33
1336,2021-02-27,EFBXW-LI-Ramb-Nethamba-AP1,Rambuda,3.33
1337,2021-02-27,EFBXW-LI-Ramb-NetiliResidence-AP1,Rambuda,3.57
1338,2021-02-27,EFBXW-LI-Ramb-SuccessSalon-AP1,Rambuda,41.67
1339,2021-02-27,FBXW-KZN-CLERMONT-AP1,Cleremont,8.57
1340,2021-02-27,FBXW-KZN-INANDA-AP1,Inanda,6.67
1341,2021-02-27,FBXW-KZN-Lamontville-PIXWF,Lamontville,38.57
1343,2021-02-27,FBXW-KZN-Phoenix-AP1,Pheonix,8.57
1344,2021-02-27,FBXW-LI-Asvali-Supermarket-AP1,Tzaneen,8.33
1345,2021-02-27,FBXW-LI-CHEAPCHEAP-SHOP-AP,Lebalelo,3.33
1346,2021-02-27,FBXW-LI-COUNCILLOR-SEERANE-RESIDENCE-AP,Lebalelo,3.33
1347,2021-02-27,FBXW-LI-DIMPHO-SHOP-AP,Lebalelo,18.81
1342,2021-02-27,FBXW-KZN-OLC-AP1,Mpopheni,14.29
1349,2021-02-27,FBXW-LI-MALOKELA-INTERNET-CAFE-AP,Lebalelo,15.48
1348,2021-02-27,FBXW-LI-Hoza-Hoza-Tuckshop-AP1,Tzaneen,17.14
1359,2021-02-27,FBXW-LI-Ramb-HaKhakhiSpazaShop-AP1,Rambuda,10.48
1358,2021-02-27,FBXW-LI-Ramb-CouncilOffice-AP1,Rambuda,3.33
1357,2021-02-27,FBXW-LI-Ramb-ChiefHouse-AP1,Rambuda,14.05
1356,2021-02-27,FBXW-LI-Ramb-AaronHouse-AP1,Rambuda,31.9
1355,2021-02-27,FBXW-LI-PROSPERITE-TUCKSHOP-AP,Lebalelo,13.81
1360,2021-02-27,FBXW-LI-Ramb-Lavhe-AP1,Rambuda,22.62
1353,2021-02-27,FBXW-LI-NGWANAMATLALA-BUSINESSPARK-AP,Lebalelo,8.57
1352,2021-02-27,FBXW-LI-Masakhana-Spaza-Shop-AP1,Tzaneen,3.33
1351,2021-02-27,FBXW-LI-Mariveni-CafeAP1,Tzaneen,16.9
1350,2021-02-27,FBXW-LI-MMABOKO-SHOP-AP,Lebalelo,53.57
1354,2021-02-27,FBXW-LI-NTWAMPE-AP,Lebalelo,3.57
1431,2021-02-28,PIXWF-BH-ASIBONGETRADINGBUTCHER-AP1,Bothas Hill,20.48
1430,2021-02-28,FBXW-MONASGENERALSTORE-AP1,Munsieville,26.9
1429,2021-02-28,FBXW-LI-YOUNG-AND-MENTHOL-AP,Lebalelo,22.38
1428,2021-02-28,FBXW-LI-Waren-G-AP2,Tzaneen,5.0
1427,2021-02-28,FBXW-LI-Waren-G-AP1,Tzaneen,5.0
1426,2021-02-28,FBXW-LI-Twenty-Ten-Centre-Shop-AP2,Tzaneen,7.14
1423,2021-02-28,FBXW-LI-Ramb-PileKonanani-disable-people-co-operative-AP1,Rambuda,13.33
1424,2021-02-28,FBXW-LI-Ruth-Tuck-Shop-AP1,Tzaneen,5.0
1422,2021-02-28,FBXW-LI-Ramb-NditsheniFruitShop-AP1,Rambuda,8.33
1421,2021-02-28,FBXW-LI-Ramb-NageliHouse-AP1,Rambuda,32.38
1420,2021-02-28,FBXW-LI-Ramb-MuofheSpazaShop-AP11,Rambuda,13.81
1425,2021-02-28,FBXW-LI-SEKOBELA-TUCKSHOP-AP,Lebalelo,6.67
1445,2021-02-28,PIXWF-NOBELACENTER-AP1,Munsieville,20.24
1444,2021-02-28,PIXWF-MIDO-INTERNET-CAFE-AP1,Munsieville,8.33
1433,2021-02-28,PIXWF-BH-DLAMINI-RESIDENCE-AP1,Bothas Hill,13.33
1434,2021-02-28,PIXWF-BH-GRIMATUCKSHOP-AP,Bothas Hill,6.67
1435,2021-02-28,PIXWF-BH-KINGS-TUCKSHOP-AP1,Bothas Hill,3.33
1436,2021-02-28,PIXWF-BH-LEFTCORNERSHOPCDP-AP1,Bothas Hill,22.14
1437,2021-02-28,PIXWF-BH-MCHUNU-HOUSE-AP1,Bothas Hill,13.57
1438,2021-02-28,PIXWF-BH-MSOMI-HOUSE-AP,Bothas Hill,10.48
1439,2021-02-28,PIXWF-BH-NGCOBO-HOUSE-AP1,Bothas Hill,15.24
1440,2021-02-28,PIXWF-BH-ROADHOUSESPAZA-AP1,Bothas Hill,88.33
1441,2021-02-28,PIXWF-BH-TSAKANE-AP1,Bothas Hill,108.33
1442,2021-02-28,PIXWF-CPT-KAYAMANDI-AP1,Kayamandi,69.05
1443,2021-02-28,PIXWF-ICONICHAIRSALON-AP1,Munsieville,18.81
1419,2021-02-28,FBXW-LI-Ramb-MukwevhoResidence-AP1,Rambuda,13.33
1432,2021-02-28,PIXWF-BH-CORNERTUCKSHOP-AP1,Bothas Hill,53.1
1418,2021-02-28,FBXW-LI-Ramb-Matsindisi-AP1,Rambuda,6.67
1403,2021-02-28,FBXW-LI-Hoza-Hoza-Tuckshop-AP1,Tzaneen,5.0
1416,2021-02-28,FBXW-LI-Ramb-Lavhe-AP1,Rambuda,19.05
1390,2021-02-28,EFBXW-LI-Ram-Madula,Rambuda,21.9
1391,2021-02-28,EFBXW-LI-Ramb-Nethamba-AP1,Rambuda,8.33
1392,2021-02-28,EFBXW-LI-Ramb-NetiliResidence-AP1,Rambuda,7.14
1393,2021-02-28,EFBXW-LI-Ramb-SuccessSalon-AP1,Rambuda,15.0
1394,2021-02-28,FBXW-KZN-CLERMONT-AP1,Cleremont,8.57
1395,2021-02-28,FBXW-KZN-INANDA-AP1,Inanda,6.67
1396,2021-02-28,FBXW-KZN-Lamontville-PIXWF,Lamontville,58.57
1417,2021-02-28,FBXW-LI-Ramb-MKSpazaShopTshibvumo-AP1,Rambuda,10.24
1398,2021-02-28,FBXW-KZN-OLC-AP1,Mpopheni,14.29
1399,2021-02-28,FBXW-KZN-Phoenix-AP1,Pheonix,8.57
1400,2021-02-28,FBXW-LI-CHEAPCHEAP-SHOP-AP,Lebalelo,3.33
1401,2021-02-28,FBXW-LI-COUNCILLOR-SEERANE-RESIDENCE-AP,Lebalelo,3.33
1397,2021-02-28,FBXW-KZN-MARRIANHILL-AP2,Inanda,5.0
1404,2021-02-28,FBXW-LI-MALOKELA-INTERNET-CAFE-AP,Lebalelo,25.71
1402,2021-02-28,FBXW-LI-DIMPHO-SHOP-AP,Lebalelo,6.9
1414,2021-02-28,FBXW-LI-Ramb-ChiefHouse-AP1,Rambuda,28.33
1413,2021-02-28,FBXW-LI-Ramb-AaronHouse-AP1,Rambuda,33.57
1412,2021-02-28,FBXW-LI-PROSPERITE-TUCKSHOP-AP,Lebalelo,10.48
1411,2021-02-28,FBXW-LI-NTWAMPE-AP,Lebalelo,3.57
1415,2021-02-28,FBXW-LI-Ramb-HaKhakhiSpazaShop-AP1,Rambuda,15.24
1409,2021-02-28,FBXW-LI-Masakhana-Spaza-Shop-AP1,Tzaneen,3.33
1408,2021-02-28,FBXW-LI-Mariveni-CafeAP1,Tzaneen,15.48
1407,2021-02-28,FBXW-LI-MORENA-GENERAL-AP,Lebalelo,3.33
1406,2021-02-28,FBXW-LI-MMUTLANE-CLINIC-AP,Lebalelo,6.67
1405,2021-02-28,FBXW-LI-MMABOKO-SHOP-AP,Lebalelo,53.57
1410,2021-02-28,FBXW-LI-NGWANAMATLALA-BUSINESSPARK-AP,Lebalelo,8.57
1484,2021-03-01,FBXW-LI-YOUNG-AND-MENTHOL-AP,Lebalelo,10.48
1483,2021-03-01,FBXW-LI-Waren-G-AP2,Tzaneen,10.0
1482,2021-03-01,FBXW-LI-Waren-G-AP1,Tzaneen,10.0
1481,2021-03-01,FBXW-LI-Twenty-Ten-Centre-Shop-AP2,Tzaneen,10.71
1478,2021-03-01,FBXW-LI-Ramb-PileKonanani-disable-people-co-operative-AP1,Rambuda,8.33
1479,2021-03-01,FBXW-LI-Ruth-Tuck-Shop-AP1,Tzaneen,15.0
1477,2021-03-01,FBXW-LI-Ramb-NditsheniFruitShop-AP1,Rambuda,43.33
1476,2021-03-01,FBXW-LI-Ramb-NageliHouse-AP1,Rambuda,27.62
1475,2021-03-01,FBXW-LI-Ramb-MuofheSpazaShop-AP11,Rambuda,6.9
1480,2021-03-01,FBXW-LI-SEKOBELA-TUCKSHOP-AP,Lebalelo,15.0
1485,2021-03-01,FBXW-MONASGENERALSTORE-AP1,Munsieville,21.9
1498,2021-03-01,PIXWF-ICONICHAIRSALON-AP1,Munsieville,10.48
1487,2021-03-01,PIXWF-BH-CORNERTUCKSHOP-AP1,Bothas Hill,73.81
1488,2021-03-01,PIXWF-BH-DLAMINI-RESIDENCE-AP1,Bothas Hill,11.67
1489,2021-03-01,PIXWF-BH-GRIMATUCKSHOP-AP,Bothas Hill,3.33
1490,2021-03-01,PIXWF-BH-KINGS-TUCKSHOP-AP1,Bothas Hill,3.33
1491,2021-03-01,PIXWF-BH-LEFTCORNERSHOPCDP-AP1,Bothas Hill,3.33
1492,2021-03-01,PIXWF-BH-MCHUNU-HOUSE-AP1,Bothas Hill,13.57
1493,2021-03-01,PIXWF-BH-MSOMI-HOUSE-AP,Bothas Hill,6.9
1494,2021-03-01,PIXWF-BH-NGCOBO-HOUSE-AP1,Bothas Hill,16.67
1495,2021-03-01,PIXWF-BH-ROADHOUSESPAZA-AP1,Bothas Hill,84.76
1496,2021-03-01,PIXWF-BH-TSAKANE-AP1,Bothas Hill,76.67
1497,2021-03-01,PIXWF-CPT-KAYAMANDI-AP1,Kayamandi,97.62
1474,2021-03-01,FBXW-LI-Ramb-MukwevhoResidence-AP1,Rambuda,16.9
1486,2021-03-01,PIXWF-BH-ASIBONGETRADINGBUTCHER-AP1,Bothas Hill,15.24
1473,2021-03-01,FBXW-LI-Ramb-Matsindisi-AP1,Rambuda,11.67
1459,2021-03-01,FBXW-LI-DIMPHO-SHOP-AP,Lebalelo,6.9
1471,2021-03-01,FBXW-LI-Ramb-Lavhe-AP1,Rambuda,34.05
1499,2021-03-01,PIXWF-MIDO-INTERNET-CAFE-AP1,Munsieville,16.9
1446,2021-03-01,EFBXW-LI-Ram-Madula,Rambuda,16.9
1447,2021-03-01,EFBXW-LI-Ramb-Nethamba-AP1,Rambuda,8.33
1448,2021-03-01,EFBXW-LI-Ramb-NetiliResidence-AP1,Rambuda,10.48
1449,2021-03-01,EFBXW-LI-Ramb-SuccessSalon-AP1,Rambuda,21.9
1450,2021-03-01,FBXW-KZN-CLERMONT-AP1,Cleremont,23.57
1451,2021-03-01,FBXW-KZN-INANDA-AP1,Inanda,6.67
1452,2021-03-01,FBXW-KZN-Lamontville-PIXWF,Lamontville,48.57
1453,2021-03-01,FBXW-KZN-OLC-AP1,Mpopheni,14.29
1454,2021-03-01,FBXW-KZN-Phoenix-AP1,Pheonix,13.57
1455,2021-03-01,FBXW-LI-Asvali-Supermarket-AP1,Tzaneen,3.57
1456,2021-03-01,FBXW-LI-Asvali-Supermarket-AP2,Tzaneen,3.57
1457,2021-03-01,FBXW-LI-CHEAPCHEAP-SHOP-AP,Lebalelo,3.33
1458,2021-03-01,FBXW-LI-CORNER-TUCKSHOP-AP1,Tzaneen,5.0
1460,2021-03-01,FBXW-LI-Hoza-Hoza-Tuckshop-AP1,Tzaneen,23.57
1461,2021-03-01,FBXW-LI-MALOKELA-INTERNET-CAFE-AP,Lebalelo,15.48
1462,2021-03-01,FBXW-LI-MMABOKO-SHOP-AP,Lebalelo,31.9
1463,2021-03-01,FBXW-LI-MMUTLANE-CLINIC-AP,Lebalelo,6.67
1464,2021-03-01,FBXW-LI-Mariveni-CafeAP1,Tzaneen,24.05
1465,2021-03-01,FBXW-LI-Masakhana-Spaza-Shop-AP1,Tzaneen,7.14
1466,2021-03-01,FBXW-LI-PROSPERITE-TUCKSHOP-AP,Lebalelo,10.24
1467,2021-03-01,FBXW-LI-Ramb-AaronHouse-AP1,Rambuda,45.24
1468,2021-03-01,FBXW-LI-Ramb-ChiefHouse-AP1,Rambuda,36.67
1469,2021-03-01,FBXW-LI-Ramb-CouncilOffice-AP1,Rambuda,29.52
1470,2021-03-01,FBXW-LI-Ramb-HaKhakhiSpazaShop-AP1,Rambuda,13.81
1472,2021-03-01,FBXW-LI-Ramb-MKSpazaShopTshibvumo-AP1,Rambuda,23.57
1500,2021-03-01,PIXWF-NOBELACENTER-AP1,Munsieville,7.14
0,2021-03-02,EFBXW-LI-Ram-Madula,Rambuda,6.9
27,2021-03-02,FBXW-LI-Ramb-NageliHouse-AP1,Rambuda,10.71
28,2021-03-02,FBXW-LI-Ramb-NditsheniFruitShop-AP1,Rambuda,13.33
29,2021-03-02,FBXW-LI-Ramb-PileKonanani-disable-people-co-operative-AP1,Rambuda,7.14
30,2021-03-02,FBXW-LI-Ruth-Tuck-Shop-AP1,Tzaneen,5.0
31,2021-03-02,FBXW-LI-SEKOBELA-TUCKSHOP-AP,Lebalelo,6.67
32,2021-03-02,FBXW-LI-Twenty-Ten-Centre-Shop-AP2,Tzaneen,7.14
33,2021-03-02,FBXW-LI-Waren-G-AP1,Tzaneen,3.57
34,2021-03-02,FBXW-LI-Waren-G-AP2,Tzaneen,3.57
35,2021-03-02,FBXW-LI-YOUNG-AND-MENTHOL-AP,Lebalelo,3.33
36,2021-03-02,FBXW-MONASGENERALSTORE-AP1,Munsieville,6.9
26,2021-03-02,FBXW-LI-Ramb-MuofheSpazaShop-AP11,Rambuda,14.05
37,2021-03-02,PIXWF-BH-ASIBONGETRADINGBUTCHER-AP1,Bothas Hill,6.9
39,2021-03-02,PIXWF-BH-DLAMINI-RESIDENCE-AP1,Bothas Hill,3.33
40,2021-03-02,PIXWF-BH-GRIMATUCKSHOP-AP,Bothas Hill,3.33
41,2021-03-02,PIXWF-BH-KINGS-TUCKSHOP-AP1,Bothas Hill,3.33
42,2021-03-02,PIXWF-BH-MCHUNU-HOUSE-AP1,Bothas Hill,6.9
43,2021-03-02,PIXWF-BH-MSOMI-HOUSE-AP,Bothas Hill,6.9
44,2021-03-02,PIXWF-BH-NGCOBO-HOUSE-AP1,Bothas Hill,3.33
45,2021-03-02,PIXWF-BH-ROADHOUSESPAZA-AP1,Bothas Hill,58.1
46,2021-03-02,PIXWF-BH-TSAKANE-AP1,Bothas Hill,39.76
47,2021-03-02,PIXWF-CPT-KAYAMANDI-AP1,Kayamandi,45.71
48,2021-03-02,PIXWF-ICONICHAIRSALON-AP1,Munsieville,10.48
38,2021-03-02,PIXWF-BH-CORNERTUCKSHOP-AP1,Bothas Hill,29.52
49,2021-03-02,PIXWF-MIDO-INTERNET-CAFE-AP1,Munsieville,6.9
25,2021-03-02,FBXW-LI-Ramb-MukwevhoResidence-AP1,Rambuda,6.9
23,2021-03-02,FBXW-LI-Ramb-MKSpazaShopTshibvumo-AP1,Rambuda,10.24
1,2021-03-02,EFBXW-LI-Ramb-NetiliResidence-AP1,Rambuda,10.48
2,2021-03-02,EFBXW-LI-Ramb-SuccessSalon-AP1,Rambuda,3.57
3,2021-03-02,FBXW-KZN-CLERMONT-AP1,Cleremont,18.57
4,2021-03-02,FBXW-KZN-INANDA-AP1,Inanda,3.33
5,2021-03-02,FBXW-KZN-Lamontville-PIXWF,Lamontville,23.57
6,2021-03-02,FBXW-KZN-OLC-AP1,Mpopheni,10.71
7,2021-03-02,FBXW-KZN-Phoenix-AP1,Pheonix,8.57
8,2021-03-02,FBXW-LI-CHEAPCHEAP-SHOP-AP,Lebalelo,3.33
9,2021-03-02,FBXW-LI-DIMPHO-SHOP-AP,Lebalelo,3.33
10,2021-03-02,FBXW-LI-Hoza-Hoza-Tuckshop-AP1,Tzaneen,23.57
24,2021-03-02,FBXW-LI-Ramb-Matsindisi-AP1,Rambuda,8.33
11,2021-03-02,FBXW-LI-MALOKELA-INTERNET-CAFE-AP,Lebalelo,10.24
13,2021-03-02,FBXW-LI-MMUTLANE-CLINIC-AP,Lebalelo,3.33
14,2021-03-02,FBXW-LI-MORENA-GENERAL-AP,Lebalelo,3.33
15,2021-03-02,FBXW-LI-Mariveni-CafeAP1,Tzaneen,15.48
16,2021-03-02,FBXW-LI-NGWANAMATLALA-BUSINESSPARK-AP,Lebalelo,3.57
17,2021-03-02,FBXW-LI-PROSPERITE-TUCKSHOP-AP,Lebalelo,6.67
18,2021-03-02,FBXW-LI-Ramb-AaronHouse-AP1,Rambuda,26.19
19,2021-03-02,FBXW-LI-Ramb-ChiefHouse-AP1,Rambuda,22.62
20,2021-03-02,FBXW-LI-Ramb-CouncilOffice-AP1,Rambuda,21.43
21,2021-03-02,FBXW-LI-Ramb-HaKhakhiSpazaShop-AP1,Rambuda,3.33
22,2021-03-02,FBXW-LI-Ramb-Lavhe-AP1,Rambuda,10.48
12,2021-03-02,FBXW-LI-MMABOKO-SHOP-AP,Lebalelo,11.9
50,2021-03-02,PIXWF-NOBELACENTER-AP1,Munsieville,7.14
